eval/best_return,step,attention/lag_2,attention/lag_5,q2_mean,_step,critic2_grad_norm,obs_norm/count,attention/entropy_std,eval/return_std,eval/return,critic_sequence_context,target_q_abs_max,_runtime,critic1_grad_norm,actor_loss,q1_mean,attention/lag_1,attention/lag_4,attention/lag_7,attention/entropy_mean,exploration/noise_std,eval/best_step,actor_grad_norm,target_noise_std,attention/max_weight_mean,target_q_mean,obs_norm/enabled,critic1_loss,q_gap_abs_mean,eval/final_minus_best,attention/lag_0,attention/lag_3,attention/lag_6,target_q_clipped_frac,critic2_loss,_timestamp,attention/effective_context_mean,target_noise_clip
339.12742081660605,225000,0.12201923428245695,0.09642332503987346,136.26315307617188,0,22.935388565063477,229177.0,0.19359333684249155,6.583894114821801,290.3042689786432,1,167.78736877441406,189.684194751,15.185853958129883,-138.67312622070312,136.242919921875,0.14928573664799807,0.1019232134367369,0.10457046566513266,1.4363805494585615,0.023333333333333338,200000,1.36385977268219,0.06666666666666668,0.41673463789425835,134.7317352294922,1,1.7120765447616577,0.4885241985321045,-48.823151837962826,0.21198610309511423,0.10890953072530639,0.10488240211419049,0,1.8048007488250732,1780635236.6662877,4.663022642302665,0.18333333333333335
339.12742081660605,230000,0.14140216505783285,0.08019980422765789,133.7517547607422,1,43.488731384277344,234221.0,0.19874218203883195,4.15563241018229,202.80399150380623,1,167.8277587890625,371.694571535,55.08386993408203,0.0,133.62176513671875,0.18607973926022142,0.09435313891530216,0.09071982911455179,1.4986506309100016,0.02266666666666667,200000,NaN,0.06583333333333333,0.40234487885962467,133.52294921875,1,0.46493637561798096,0.6851747035980225,-136.32342931279982,0.20427016896788708,0.11476726681477355,0.08820790007056115,0,0.4872020184993744,1780635418.6767695,4.847276116559605,0.18166666666666664
339.12742081660605,235000,0.13838901441373858,0.08215036604163889,137.75115966796875,2,15.069499969482422,239263.0,0.18748064697411454,8.52746466201666,266.4997129956228,1,166.910888671875,556.329946536,25.054553985595703,0.0,137.81272888183594,0.18460594339211003,0.09564512984802813,0.08201855576591068,1.5007937906516924,0.022000000000000006,200000,NaN,0.065,0.40346047776489474,137.80438232421875,1,0.2747591435909271,0.4267113208770752,-72.62770782098323,0.21456502962346172,0.11944306563902525,0.08318290657065565,0,0.22469687461853027,1780635603.312124,4.853316905841329,0.18
339.12742081660605,240000,0.1480629541653784,0.07527125170969184,135.82403564453125,3,29.512853622436523,244330.0,0.23663544481451845,6.589565532994804,192.29614945236864,1,170.74627685546875,741.898529061,47.93720626831055,-138.99893188476562,135.8658447265625,0.19749840298040428,0.08699979080664152,0.07977621238304293,1.4433676338675034,0.021333333333333336,200000,1.3238497972488403,0.06416666666666668,0.4189064815565569,135.70852661132812,1,1.1082210540771484,0.7010388374328613,-146.8312713642374,0.21690115798358342,0.11547134219102524,0.08001889924907205,0,1.2868189811706543,1780635788.8806417,4.656849183509098,0.17833333333333334
339.12742081660605,245000,0.13562326204188377,0.08199072066938208,136.27561950683594,4,27.971921920776367,249374.0,0.1824702773554521,182.06054365797104,225.2154073966084,1,176.5570526123047,927.389807577,25.6037540435791,0.0,136.1253662109375,0.1848875283411591,0.08949787749160325,0.10104648745836359,1.3925251568032202,0.02066666666666667,200000,NaN,0.06333333333333334,0.4380947827387636,136.13299560546875,1,0.2530063986778259,0.579890251159668,-113.91201341999763,0.20458207685918173,0.1120488659313349,0.090323191608311,0,0.316169798374176,1780635974.371952,4.391790387229385,0.17666666666666667
413.3729528329087,250000,0.1404061518812902,0.07638722842437688,141.3800048828125,5,28.769182205200195,254411.0,0.19116165259871867,20.98676806319982,413.3729528329087,1,179.98939514160156,1115.376315661,25.2360782623291,0.0,141.46385192871094,0.19104753127110782,0.09063226621865869,0.09242762948886135,1.4409607836155696,0.020000000000000004,250000,NaN,0.0625,0.41756262365336744,141.507568359375,1,0.21783092617988586,0.47994375228881836,0.0,0.21655911392719546,0.11049070588242357,0.0820493847863394,0,0.30480408668518066,1780636162.3585742,4.613444790541729,0.175
413.3729528329087,255000,0.13414453947799332,0.07656343207607792,138.49240112304688,6,28.397497177124023,259443.0,0.1526889011534864,141.68921348505154,198.49571384735765,1,183.08712768554688,1299.998379662,38.12237548828125,-140.92176818847656,137.7494354248047,0.18109377281228903,0.08687150040617968,0.1028107803676193,1.4344695306544941,0.019333333333333334,250000,1.2078980207443237,0.06166666666666667,0.42784483336681683,139.04168701171875,1,1.5392954349517822,1.2941032648086548,-214.87723898555106,0.23104958628452094,0.10621843624963268,0.08124796355785967,0,0.7993767857551575,1780636346.9805117,4.562038147779797,0.17333333333333334
413.3729528329087,260000,0.1436750341500189,0.0716593451783144,143.16580200195312,7,23.21755599975586,264480.0,0.1845177549465608,39.517326475364314,303.60327373030003,1,190.56539916992188,1487.74597986,22.361154556274414,0.0,142.99989318847656,0.19177332119208626,0.08561941505652054,0.08926060920330794,1.3911974769598354,0.01866666666666667,250000,NaN,0.060833333333333336,0.43963178295224264,142.33628845214844,1,1.0162625312805176,0.6738061904907227,-109.76967910260868,0.23490633402396122,0.10929798218662433,0.07380797032655091,0,1.0225187540054321,1780636534.7281923,4.432687893687683,0.17166666666666666
413.3729528329087,265000,0.13121792568100824,0.07462047723708329,148.3538818359375,8,27.031641006469727,269517.0,0.15164006348261178,34.12531341235555,345.64942434500176,1,194.7725830078125,1671.934253937,30.605327606201172,0.0,147.98165893554688,0.19901340776571522,0.08043264945072157,0.0818270083565127,1.3566451124791745,0.018000000000000002,250000,NaN,0.06,0.45319343039283044,147.2993621826172,1,0.9264028668403625,1.2760295867919922,-67.72352848790695,0.255007825827709,0.1015976756369626,0.07628304034609486,0,1.7795647382736206,1780636718.9164963,4.314553324204904,0.16999999999999998
449.46284617057154,270000,0.127826525699419,0.0789422562730825,142.85494995117188,9,45.2436408996582,274550.0,0.16270430006715333,25.8365754874172,449.46284617057154,1,199.0586395263672,1865.26973522,30.197025299072266,-145.3479461669922,142.78785705566406,0.18479272513261807,0.07797193760351208,0.10706689851735127,1.3787244434763746,0.01733333333333334,270000,1.8894144296646118,0.05916666666666667,0.43399944088501863,143.0487823486328,1,0.5919232368469238,0.7922826409339905,0.0,0.23408821020968765,0.09924877587041132,0.09006268139426454,0,0.5653718113899231,1780636912.2515767,4.3678001866261065,0.16833333333333333
449.46284617057154,275000,0.12462391811916375,0.06828673570369558,148.9761962890625,10,68.63856506347656,279586.0,0.13494159307866946,5.8782244637970695,349.96419129639673,1,199.55596923828125,2052.143724699,34.772125244140625,0.0,149.3360595703125,0.1862468046605241,0.073567385158092,0.10678006032365543,1.2962077100840985,0.01666666666666667,270000,NaN,0.058333333333333334,0.4751947832081591,147.7222442626953,1,1.9097291231155396,1.1445894241333008,-99.4986548741748,0.2588648074867504,0.10360255080757795,0.07802774945303732,0,1.338042140007019,1780637099.1258037,4.050029763808618,0.16666666666666666
449.46284617057154,280000,0.12545767202085148,0.060955356375469734,150.26223754882812,11,134.5736846923828,284624.0,0.14737152329827988,5.903401455069506,382.1425327549696,1,205.74554443359375,2238.435583167,65.15803527832031,0.0,150.46636962890625,0.1882156308839649,0.07399326579731486,0.10662323439775916,1.2839384216914504,0.016,270000,NaN,0.0575,0.47660900409977364,149.68829345703125,1,0.9174973964691162,1.129814624786377,-67.32031341560196,0.2725926584669952,0.09961658451565102,0.07254560971645661,0,0.5581733584403992,1780637285.417843,4.055958143123236,0.16499999999999998
449.46284617057154,285000,0.12543820305825112,0.0554017867319859,155.398681640625,12,65.95447540283203,289660.0,0.14415387349913888,5.193314760507129,378.4074405038371,1,209.52842712402344,2424.141424533,22.62509536743164,-157.919677734375,155.76263427734375,0.19312046601638927,0.06778017966193961,0.1069992906446536,1.2766827830901513,0.01533333333333333,270000,1.830641508102417,0.05666666666666667,0.48153572197143846,155.87286376953125,1,0.3649325966835022,0.8375428915023804,-71.05540566673443,0.2896668061770342,0.09487860495341824,0.06671467312787484,0,0.5240172743797302,1780637471.123714,4.035255362270595,0.16333333333333333
449.46284617057154,290000,0.12840339361317188,0.05705532549988676,159.39974975585938,13,34.851341247558594,294698.0,0.1477954391710319,9.19221510016531,367.337975315902,1,211.72296142578125,2609.560726296,64.57113647460938,0.0,158.81875610351562,0.19676940088057449,0.0660570965922161,0.09887272835685103,1.2943466505840142,0.014666666666666668,270000,NaN,0.05583333333333334,0.47451141215807396,159.12254333496094,1,0.49123939871788025,0.9533900022506714,-82.12487085466955,0.2882934493658105,0.09493288566148606,0.06961572983327563,0,0.4383932948112488,1780637656.5428858,4.071390744432315,0.16166666666666668
449.46284617057154,295000,0.12844677218431685,0.05329936796940175,160.70082092285156,14,354.6898498535156,299753.0,0.12280337670357591,134.93256187649305,309.2035754746921,1,218.18887329101562,2792.812028779,27.5849666595459,0.0,160.57974243164062,0.19922374717953825,0.06714385959218029,0.09241132724505825,1.3140708113918784,0.013999999999999999,270000,NaN,0.055,0.47491737256030075,159.65884399414062,1,1.411677598953247,1.1302263736724854,-140.25927069587942,0.3037180474387998,0.09510300886981628,0.06065387987304761,0,1.4057012796401978,1780637839.7942855,4.173338627013839,0.15999999999999998
449.46284617057154,300000,0.12284708079936303,0.06386743780361992,158.8564910888672,15,41.37112808227539,304792.0,0.1456283567028248,37.450310744469625,410.2136578298634,1,223.5386505126953,2978.681371916,35.03702163696289,-161.64422607421875,158.13067626953125,0.19520314326926844,0.06804843168715811,0.10211247560066478,1.325539166600604,0.013333333333333336,270000,1.8921178579330444,0.05416666666666667,0.464366074434129,158.43589782714844,1,0.5450140237808228,1.5142676830291748,-39.249188340708145,0.28536680604620573,0.091103547372763,0.07145108932027722,0,1.1972029209136963,1780638025.6636775,4.203724061456108,0.15833333333333333
449.46284617057154,305000,0.13493559330733332,0.05648529931372576,159.39691162109375,16,94.94964599609375,309827.0,0.11857859728509718,10.119360834108248,383.4291275196445,1,228.77584838867188,3164.457375465,49.74771499633789,0.0,159.81866455078125,0.21447393880964083,0.0652525767137922,0.09642206001147323,1.2932327621162905,0.012666666666666666,270000,NaN,0.05333333333333334,0.4755366815489056,159.65115356445312,1,0.957449197769165,1.4770958423614502,-66.03371865092703,0.2781004813500405,0.08891592815339859,0.06541413340620418,0,1.1291710138320923,1780638211.4396665,4.087432967011907,0.15666666666666668
449.46284617057154,310000,0.12274244974302213,0.0739027076771647,167.13206481933594,17,35.42300796508789,314863.0,0.14017753375876726,110.50803523153796,367.1302004335854,1,235.00320434570312,3352.69271065,100.3973159790039,0.0,167.195068359375,0.19058678711914545,0.06789970070429395,0.10184852259430333,1.3071651917551064,0.012000000000000004,270000,NaN,0.052500000000000005,0.47345532236852905,164.63377380371094,1,2.9304022789001465,1.120476245880127,-82.33264573698614,0.2823748907193224,0.084815259640725,0.07582969325849373,0,2.8277859687805176,1780638399.674859,4.153087305624072,0.155
449.46284617057154,315000,0.12258748710940309,0.0683239734956597,169.77407836914062,18,60.843746185302734,319900.0,0.13868765545823744,15.771372924207682,392.37416214754745,1,238.78684997558594,3538.955182438,43.274871826171875,-173.79234313964844,169.135498046875,0.1968646529287602,0.06381299933078542,0.09463386510118182,1.2841539994049609,0.011333333333333334,270000,2.6928319931030273,0.051666666666666666,0.48108991017837205,169.8568115234375,1,1.2198480367660522,1.2308474779129028,-57.088684023024086,0.2972159027121961,0.08537942688033152,0.07118170417902803,0,1.0230772495269775,1780638585.937481,4.090454372964548,0.15333333333333332
449.46284617057154,320000,0.12106721691787242,0.052537923149764534,171.0582275390625,19,33.97462463378906,324942.0,0.12628128243184897,0.23484327244937728,43.17522847094022,1,245.0435333251953,3721.752471868,31.282245635986328,0.0,171.152587890625,0.19103504368662835,0.044015126682817936,0.14342421816289425,1.335841206073761,0.010666666666666672,270000,NaN,0.05083333333333334,0.47020267498493196,171.50967407226562,1,1.605811595916748,0.8288967609405518,-406.2876176996313,0.2942336266040802,0.06889431028813124,0.08479254598915577,0,1.520256519317627,1780638768.7347016,4.22124206829071,0.15166666666666667
449.46284617057154,325000,0.1107612993416971,0.07799288148947088,169.29443359375,20,36.958580017089844,329979.0,0.1695904963029424,18.652523351702644,372.3568543923075,1,249.55357360839844,3906.612383066,80.85955047607422,0.0,169.72698974609375,0.18537940387356325,0.0707417388340094,0.09400415098418334,1.3062964284112093,0.010000000000000002,270000,NaN,0.05,0.4705421948344945,169.94155883789062,1,1.1624195575714111,0.8641146421432495,-77.10599177826401,0.30488891298040693,0.08143942807680786,0.07479219585450923,0,0.990512490272522,1780638953.5945082,4.211441396347271,0.15
449.46284617057154,330000,0.12179365965447904,0.06716992697550864,173.88421630859375,21,40.73361587524414,335016.0,0.13844318478521606,165.96903038194418,203.62560551084965,1,253.37744140625,4089.705389917,31.8568172454834,-176.17791748046875,173.80072021484375,0.1944385553866171,0.06698418834818726,0.10841295601171323,1.281228642021944,0.010000000000000002,270000,70.28397369384766,0.05,0.48283177595301935,173.97406005859375,1,0.39540547132492065,0.8307609558105469,-245.83724065972189,0.281185776718566,0.08393445539614422,0.07608049308294951,0,0.5047534704208374,1780639136.6875074,4.04321856153798,0.15
449.46284617057154,335000,0.11963195916096322,0.06842427473150745,172.4734649658203,22,68.45164489746094,340064.0,0.18005440501447642,143.85255935937556,211.45202886068301,1,257.7474365234375,4271.934573512,36.69701385498047,0.0,172.15792846679688,0.18991542502633144,0.0699920189235724,0.10757316530599906,1.3353572105166451,0.010000000000000002,270000,NaN,0.05,0.4627723915053438,171.10731506347656,1,1.605717420578003,1.2480278015136719,-238.01081730988852,0.28244002374569244,0.08613647995761158,0.0758866659067749,0,1.592151403427124,1780639318.9167783,4.30649341176973,0.15
449.46284617057154,340000,0.12609370888692262,0.06756255742053147,172.30313110351562,23,52.33192825317383,345112.0,0.18600778484873592,5.813043141498514,360.55108633092766,1,261.0225830078125,4457.499564229,95.70232391357422,0.0,171.52423095703125,0.2014231080731743,0.07249246597951566,0.09237249021487068,1.333602849211883,0.010000000000000002,270000,NaN,0.05,0.45984046565939196,172.0733642578125,1,0.7765696048736572,1.2511296272277832,-88.91175983964388,0.28199616571267444,0.0881300931579193,0.06992942195047924,0,0.5496499538421631,1780639504.481804,4.280132793859937,0.15
449.46284617057154,345000,0.12168290437881776,0.06950703808396656,173.77911376953125,24,128.75782775878906,350156.0,0.1841690250831963,18.625015304138486,368.8942791386618,1,263.27581787109375,4642.415502434,133.437255859375,-178.40057373046875,173.58103942871094,0.19917155090907385,0.07382554211308323,0.09568100211933223,1.3218846203488483,0.010000000000000002,270000,4.006102561950684,0.05,0.46864305067398426,173.44285583496094,1,0.9888737797737122,2.242427349090576,-80.56856703190977,0.2801149332293417,0.08829947481434848,0.07171756590617052,0,1.6712195873260498,1780639689.3976998,4.257484339288151,0.15
449.46284617057154,350000,0.11125201233966865,0.07743216521719742,166.802490234375,25,44.795501708984375,355193.0,0.19168032966014376,207.17766251612892,221.11699586372924,1,265.3130798339844,4826.082489569,64.26068878173828,0.0,167.15048217773438,0.17582265539422406,0.07693289650660289,0.11540430806689526,1.3913763395356173,0.010000000000000002,270000,NaN,0.05,0.44312693380830276,166.86270141601562,1,0.5890159606933594,0.9450405836105347,-228.3458503068423,0.2727937574905516,0.08678241435382235,0.08357980183264868,0,0.59434574842453,1780639873.0646777,4.5598195326987225,0.15
449.46284617057154,355000,0.11940702071061006,0.08123702194724988,178.32864379882812,26,25.880502700805664,360250.0,0.20043869974780015,38.58615020456098,428.77071929460226,1,266.0987243652344,5010.882260321,30.25533103942871,0.0,178.24502563476562,0.1867759934551007,0.08098079758158634,0.09872672021807231,1.3865505827026738,0.010000000000000002,270000,NaN,0.05,0.4408421915021937,177.59530639648438,1,1.1902577877044678,1.0226950645446777,-20.69212687596928,0.261949966407987,0.09199441562788155,0.0789280749121016,0,1.2236676216125488,1780640057.864489,4.507357975549361,0.15
449.46284617057154,360000,0.12666301650740847,0.07386111778773598,178.82785034179688,27,87.16162109375,365284.0,0.17931163253266247,53.5132488528802,434.0233420723215,1,270.5491027832031,5195.465197414,46.66447067260742,-184.08248901367188,178.8368682861328,0.1921389408025545,0.07774628283539178,0.09420190524450692,1.3858572864860195,0.010000000000000002,270000,8.910090446472168,0.05,0.4451589947508782,178.06195068359375,1,2.076530933380127,1.366263747215271,-15.43950409825004,0.27243408680064574,0.09233010476039037,0.07062455658061603,0,1.8994461297988892,1780640242.4475033,4.471876396264407,0.15
462.50588423389183,365000,0.12786323889336723,0.07003954043750707,189.9036102294922,28,147.84942626953125,370317.0,0.18312336658713338,39.148303984590704,462.50588423389183,1,267.4060363769531,5379.53087203,56.566436767578125,0.0,190.33998107910156,0.1852041179590695,0.07884568086332187,0.09455460022075061,1.374960096872865,0.010000000000000002,365000,NaN,0.05,0.44911668195171317,189.3948516845703,1,1.6413600444793701,1.117218017578125,0.0,0.2826762079313755,0.0935207752973247,0.06729584948261759,0,1.8809831142425537,1780640426.5130143,4.408921566398902,0.15
494.46314520404667,370000,0.13445029943091338,0.0645354761530155,182.37191772460938,29,109.30661010742188,375349.0,0.16606468853363204,12.78129865533054,494.46314520404667,1,267.1352844238281,5568.251000376,42.993309020996094,0.0,182.91195678710938,0.18889802501704925,0.07768297767277024,0.09474241247334819,1.368648271160102,0.010000000000000002,370000,NaN,0.05,0.4558891536874647,181.1654510498047,1,2.650888681411743,1.2507990598678589,0.0,0.27288109422543,0.10237226298948437,0.06443746316131789,0,2.6585280895233154,1780640615.2332582,4.3938492306699235,0.15
494.46314520404667,375000,0.12854419992882996,0.06807659565037405,189.40774536132812,30,34.02579879760742,380382.0,0.17227628467544992,29.145804728328418,443.28342974300233,1,268.7909851074219,5753.01753431,43.87257766723633,-193.55169677734375,189.47000122070312,0.18324963793625124,0.07893038557458924,0.09971916695034813,1.3555195650841536,0.010000000000000002,370000,2.8560831546783447,0.05,0.4586611689725453,189.17144775390625,1,0.658344566822052,0.9577626585960388,-51.17971546104434,0.2717527182280104,0.10225083537742267,0.06747647044003795,0,0.7175413370132446,1780640799.9996908,4.369335197751162,0.15
494.46314520404667,380000,0.13354993034280888,0.06668626179247081,178.46624755859375,31,78.94285583496094,385419.0,0.1596908988206757,12.109752062326258,424.2845126925014,1,268.6838073730469,5937.6979935,47.30915069580078,0.0,179.0227508544922,0.19568606513191242,0.07798867797111572,0.09198698041688169,1.3487801486132096,0.010000000000000002,370000,NaN,0.05,0.4561389598716684,178.94992065429688,1,1.5014169216156006,1.8437423706054688,-70.17863251154529,0.2635340649659942,0.10407568443135745,0.0664923460178432,0,2.1175851821899414,1780640984.6801217,4.326842285337902,0.15
494.46314520404667,385000,0.12989517428139422,0.0676375778349391,194.24807739257812,32,80.3012924194336,390457.0,0.18470598481827769,181.53403189877636,381.31278094527494,1,267.1405334472656,6120.688171368,67.24729919433594,0.0,195.50411987304688,0.1856407231707757,0.07915393506757287,0.10403251546890811,1.3478924377496266,0.010000000000000002,370000,NaN,0.05,0.4588072154585821,194.75738525390625,1,1.5427361726760864,2.731462240219116,-113.15036425877173,0.26348244823321665,0.10045039940293705,0.06970723688314757,0,1.8052581548690796,1780641167.6704388,4.340267157911597,0.15
494.46314520404667,390000,0.12783888884674963,0.06962105704435366,186.69412231445312,33,117.02508544921875,395494.0,0.16197340781297367,33.04313056951875,396.73838651369914,1,274.8421325683594,6306.242415542,55.0969123840332,-191.82781982421875,187.6318359375,0.18985187487472155,0.07469904568776413,0.10197735337235637,1.3610508915167958,0.010000000000000002,370000,3.842336654663086,0.05,0.4565921490216375,188.1951904296875,1,1.9767844676971436,1.428023099899292,-97.72475869034753,0.27334282823757394,0.09122419556534642,0.07144476795784342,0,2.268988847732544,1780641353.2246563,4.391960703547875,0.15
494.46314520404667,395000,0.1278695546472169,0.07628503810574183,181.30435180664062,34,82.18840026855469,400530.0,0.15318884779295552,41.69259726636625,444.46883271082635,1,277.3591003417969,6490.505176751,61.92287826538086,0.0,181.3661346435547,0.18639158035284586,0.07920329649041524,0.09380119342251488,1.371077184166227,0.010000000000000002,370000,NaN,0.05,0.4517101650490272,181.61505126953125,1,0.9922194480895996,1.2954599857330322,-49.99431249322032,0.2721174643186707,0.0938931529804301,0.07043873134817215,0,0.9262787103652954,1780641537.487425,4.4123773990937,0.15
503.4448515504033,400000,0.13491919254092583,0.0718542553266626,178.3282470703125,35,68.4343032836914,405562.0,0.1329580197260624,23.787501763963416,503.4448515504033,1,278.6907653808594,6677.789155852,103.03955841064453,0.0,178.5753173828125,0.19373381665541223,0.07662822034001135,0.09038844457510331,1.352660366934132,0.010000000000000002,400000,NaN,0.05,0.4580267164238682,178.42913818359375,1,1.2398006916046143,1.5076755285263062,0.0,0.2649984364232218,0.09780488864952645,0.06967275634390033,0,0.9690128564834595,1780641724.7714124,4.321674517797662,0.15
546.3029143430438,405000,0.12996076483064833,0.07136040633779149,184.02349853515625,36,85.60770416259766,410593.0,0.1696233158657136,36.989192282707066,546.3029143430438,1,280.83184814453125,6865.46058248,97.5694351196289,-186.19859313964844,183.77029418945312,0.18531081900298085,0.0788072684787201,0.08908151406438833,1.3541518282495901,0.010000000000000002,405000,2.873567581176758,0.05,0.4615645331106931,183.25991821289062,1,1.2605297565460205,1.0360358953475952,0.0,0.2870515946551724,0.09562796323054937,0.0627996798012888,0,1.2026456594467163,1780641912.442703,4.353807750730193,0.15
546.3029143430438,410000,0.12760486494812925,0.0831960889716017,193.6026611328125,37,101.04232025146484,415625.0,0.1802663085934135,37.947908790267384,532.7234713337281,1,282.1997375488281,7053.575514469,68.45179748535156,0.0,193.40721130371094,0.17449313498239685,0.08025025878525531,0.09607430122179356,1.3741658445781426,0.010000000000000002,405000,NaN,0.05,0.45150519732485095,192.7760009765625,1,1.6716063022613525,1.029909372329712,-13.579443009315696,0.26429533631006397,0.09423122197146061,0.07985480423716797,0,1.557213544845581,1780642100.5577765,4.400832381288884,0.15
546.3029143430438,415000,0.12116541909159355,0.08261243995208785,194.84173583984375,38,106.56153106689453,420661.0,0.18685051021196353,8.146699299286466,363.5565303344322,1,282.6597595214844,7238.649694991,119.30448913574219,0.0,194.60992431640625,0.174714620197719,0.07786188269982923,0.09522450164101035,1.3393128875966342,0.010000000000000002,405000,NaN,0.05,0.46305751199992196,194.9397430419922,1,1.4571223258972168,1.2818303108215332,-182.74638400861159,0.28239119182780104,0.08935359249418637,0.07667636139353491,0,1.5152091979980469,1780642285.6318321,4.29854276963,0.15
546.3029143430438,420000,0.11625095306561505,0.08689135544645347,192.77401733398438,39,251.08001708984375,425697.0,0.19952261151753797,47.945332475226245,407.5222969875514,1,282.248779296875,7424.386022609,112.87906646728516,-192.85403442382812,191.21484375,0.17483664695265777,0.08413158481319745,0.09503041589942413,1.3538359708593657,0.010000000000000002,405000,16.42874526977539,0.05,0.4565500238223525,191.7353515625,1,2.3920044898986816,2.4334428310394287,-138.78061735549238,0.27716461668200976,0.0913615758647458,0.07433286260863567,0,1.5942254066467285,1780642471.3682315,4.406380142797752,0.15
546.3029143430438,425000,0.12146792472377221,0.08159765993449986,187.44906616210938,40,217.05421447753906,430731.0,0.14761496427213244,22.72284756603519,457.28369431236536,1,278.0496520996094,7607.445793337,90.77182006835938,0.0,187.80316162109375,0.17349835576622966,0.08471686341145153,0.0952907499868981,1.325699055147424,0.010000000000000002,405000,NaN,0.05,0.46404773354609385,187.31301879882812,1,0.8977847099304199,2.2807981967926025,-89.01922003067841,0.2756933747526426,0.09528867956448533,0.0724464025279255,0,2.0066516399383545,1780642654.4281588,4.2693713535048285,0.15
546.3029143430438,430000,0.1208400500550602,0.0864410185752264,197.532470703125,41,67.56201934814453,435765.0,0.15194751427827957,54.14821788834198,469.19159370568207,1,281.2571105957031,7792.982888335,66.77914428710938,0.0,197.89222717285156,0.17636859371465677,0.08908394432075699,0.09192443673712344,1.3205992917598115,0.010000000000000002,405000,NaN,0.05,0.4655041488196923,197.66751098632812,1,0.578745424747467,1.0974235534667969,-77.1113206373617,0.2670728214089994,0.09562448963757729,0.07264465543007917,0,0.5554137825965881,1780642839.9651606,4.243558661372585,0.15
546.3029143430438,435000,0.1300237424134261,0.0729793303732676,195.8360595703125,42,193.19305419921875,440797.0,0.16752821842623009,65.2211405742478,521.8053918570342,1,283.5760803222656,7977.470659453,90.62554168701172,-198.37152099609375,195.49453735351562,0.18179003250373021,0.0796373583135038,0.08500777296482842,1.3550439307188347,0.010000000000000002,405000,2.7557249069213867,0.05,0.45580029952132617,195.29983520507812,1,0.7392374277114868,1.0361522436141968,-24.49752248600953,0.2857454643495982,0.09796305155167516,0.06685325902662397,0,0.712323784828186,1780643024.4528883,4.383050642561504,0.15
546.3029143430438,440000,0.12390692406378614,0.07874049441383098,197.245849609375,43,210.5240936279297,445835.0,0.179509622250633,110.48074336031915,474.12338475209924,1,281.01397705078125,8163.492929936,50.182228088378906,0.0,197.42529296875,0.1839432114181808,0.08490889208813826,0.09363556585078256,1.3489849215117506,0.010000000000000002,405000,NaN,0.05,0.4606118325798656,197.71453857421875,1,0.6277735829353333,1.109871745109558,-72.17952959094453,0.27058808865924233,0.09554912662639405,0.06872770783399193,0,0.8218697309494019,1780643210.4751601,4.389538754137179,0.15
546.3029143430438,445000,0.12633043378951905,0.08427087054616055,185.61749267578125,44,228.93133544921875,450868.0,0.1597459495608589,18.196165037773763,514.0248095215975,1,277.2850036621094,8348.889150759,207.341552734375,0.0,184.50953674316406,0.17691313698347275,0.08434502629759162,0.09812801415939672,1.3406239399166175,0.010000000000000002,405000,NaN,0.05,0.4658628757119611,185.56585693359375,1,1.5315182209014893,2.3517708778381348,-32.27810482144628,0.25634582879915924,0.09920025993692616,0.07446644037169153,0,1.1996763944625854,1780643395.8713408,4.301665282739549,0.15
546.3029143430438,450000,0.12437537324333948,0.08333862149526203,193.2351531982422,45,142.7744140625,455900.0,0.162216705256075,115.18942198023723,496.48551898553467,1,276.2616882324219,8534.453757698,96.76632690429688,-196.6348419189453,193.5583038330078,0.16584227065718363,0.09297240518861347,0.09871088633077249,1.3765323180622524,0.010000000000000002,405000,3.0799362659454346,0.05,0.45208788432772196,193.14242553710938,1,0.8271851539611816,1.178252935409546,-49.8173953575091,0.2574247032640472,0.10300284445995377,0.07433290567308191,0,0.74910569190979,1780643581.436077,4.460904589910355,0.15
546.3029143430438,455000,0.1280643576727534,0.08079423459488018,195.30172729492188,46,49.546913146972656,460932.0,0.18647788083260963,47.33274012056585,517.0545953435578,1,274.85516357421875,8719.514268968,41.991371154785156,0.0,196.41705322265625,0.16460817618703755,0.09526605747909982,0.09899150588429041,1.3799594767332224,0.010000000000000002,405000,NaN,0.05,0.44841411859803293,196.0924072265625,1,0.7775657176971436,1.905930519104004,-29.248318999485946,0.2530798999086123,0.10882869014771457,0.07036708872462294,0,1.4527947902679443,1780643766.4964902,4.497182152767428,0.15
546.3029143430438,460000,0.12439770165646853,0.0762648210649458,190.14468383789062,47,84.25602722167969,465966.0,0.18867283111002944,118.37927188980385,412.25387529675174,1,269.9297180175781,8903.310033844,157.34945678710938,0.0,188.69174194335938,0.16896593052315217,0.09282011631809564,0.09545820856712886,1.3292448082052133,0.010000000000000002,405000,NaN,0.05,0.4687576008295279,189.20294189453125,1,1.361384391784668,2.175935983657837,-134.04903904629202,0.2723360129778054,0.10507298444391748,0.06468423502253064,0,1.5267841815948486,1780643950.2922845,4.324927232908879,0.15
546.3029143430438,465000,0.1263518929435287,0.07118187303060929,190.57464599609375,48,80.41815948486328,471001.0,0.1574436320558537,50.72948990840071,475.9938730322374,1,272.4661560058594,9088.026948649,38.182491302490234,-193.15557861328125,190.76715087890625,0.18182647894263712,0.08539987497826663,0.09776663281850831,1.3181787767348159,0.010000000000000002,405000,4.615240097045898,0.05,0.4719134659203643,190.428955078125,1,0.9004224538803101,0.9902604222297668,-70.30904131080638,0.26809756878171825,0.10412210137317553,0.06525358825716336,0,0.7674621343612671,1780644135.0092068,4.266158001594449,0.15
546.3029143430438,470000,0.12604484449229558,0.06704316336614648,200.8226776123047,49,34.791481018066406,476031.0,0.15159744222334898,38.816006578631196,492.3020206316026,1,271.34771728515625,9273.492191189,101.5440673828125,0.0,200.68280029296875,0.18608339365077864,0.08480675666004724,0.10364178006398146,1.338673585785601,0.010000000000000002,405000,NaN,0.05,0.46419421658947857,200.06015014648438,1,1.3771394491195679,1.0477745532989502,-54.000893711441165,0.26559911078109166,0.10372092404548608,0.06306003757831252,0,1.255589246749878,1780644320.4744425,4.340787975818151,0.15
546.3029143430438,475000,0.11792974589869033,0.06950263840384609,187.74209594726562,50,60.29972839355469,481060.0,0.2003450609383045,233.6716792653101,196.5512917717464,1,277.1589660644531,9455.530336356,381.69451904296875,0.0,187.24325561523438,0.16912366338290793,0.08110010737098407,0.13507815354861058,1.3628125162145426,0.010000000000000002,405000,NaN,0.05,0.45923132050869075,186.67401123046875,1,2.1278157234191895,1.9447234869003296,-349.7516225712974,0.25374500762108104,0.09619816926546222,0.07732252507243133,0,1.6073312759399414,1780644502.5125325,4.412088482532391,0.15
550.4131365807812,480000,0.12475942832657269,0.07199012428734984,203.11053466796875,51,114.00106811523438,486095.0,0.14726570839008715,39.396547077817985,550.4131365807812,1,271.0466003417969,9644.068114839,78.62181854248047,-206.41201782226562,202.75112915039062,0.1806222056022712,0.08840157251060009,0.10549864131797637,1.3730560653890882,0.010000000000000002,480000,3.303250789642334,0.05,0.457254708477429,202.944091796875,1,1.3166303634643555,1.4929848909378052,0.0,0.2593499124688762,0.10234957719487803,0.06702854822150299,0,0.6950798034667969,1780644691.050308,4.4108638638087685,0.15
550.4131365807812,485000,0.12873624457974342,0.07346090462521636,207.1077117919922,52,73.23674011230469,491123.0,0.16614657445327446,163.45947518640418,512.4073325630405,1,276.5323486328125,9830.687552092,134.6234130859375,0.0,206.70790100097656,0.1835671514048004,0.09349251990807574,0.09825093678462199,1.4087970981192388,0.010000000000000002,480000,NaN,0.05,0.4382299041180041,204.66896057128906,1,2.2531819343566895,2.079536199569702,-38.005804017740616,0.24710446235524947,0.1090183893670255,0.06636940207600872,0,3.3289833068847656,1780644877.6698503,4.533374690319286,0.15
550.4131365807812,490000,0.13228314741802544,0.07027629976604234,197.6309814453125,53,50.21465301513672,496153.0,0.14016438591342137,102.27295113713285,532.9029620895241,1,272.2845153808594,10018.454775225,63.59254455566406,0.0,197.10031127929688,0.18780145811739501,0.09384246216523935,0.09480271262755305,1.3866986621709547,0.010000000000000002,480000,NaN,0.05,0.44708020629111417,197.04159545898438,1,0.6315317153930664,1.1209107637405396,-17.51017449125709,0.2500941303736119,0.10694844181990926,0.06395135921703315,0,0.8960793018341064,1780645065.436978,4.444627623621184,0.15
572.7033843340425,495000,0.12683307305937672,0.0714640790254853,202.1814422607422,54,89.08296966552734,501181.0,0.1284526745601195,27.0194003754114,572.7033843340425,1,270.3262023925781,10207.682914947,37.883384704589844,-204.86656188964844,201.91204833984375,0.17411434050057834,0.09459890261923998,0.09504692733004018,1.3592758543245782,0.010000000000000002,495000,2.32243013381958,0.05,0.45772240552331755,201.9083709716797,1,0.5711753368377686,1.0194578170776367,0.0,0.26886286002747684,0.104607134459884,0.06447269394943818,0,0.578162431716919,1780645254.665027,4.388877248047759,0.15
615.2237544461296,500000,0.12589097603082844,0.07152484924506725,196.83995056152344,55,66.29032135009766,506208.0,0.1646152709002365,43.13873313145555,615.2237544461296,1,269.6805419921875,10396.633751185,73.49623107910156,0.0,196.88186645507812,0.1724613548242368,0.08845945650951652,0.09829768272438395,1.3513390463842472,0.010000000000000002,500000,NaN,0.05,0.4643979329551703,195.58412170410156,1,1.4971866607666016,1.0177454948425293,0.0,0.2757384406075262,0.1018788598508933,0.06574839173272509,0,1.5996286869049072,1780645443.6159654,4.3701389329658555,0.15
615.2237544461296,505000,0.12008942599411479,0.07632079687475604,196.96246337890625,56,57.84111785888672,511238.0,0.1563532123999707,30.954706214046233,521.2462579033127,1,273.7121276855469,10582.311974123,65.33918762207031,0.0,195.7874298095703,0.17105089833596648,0.09460103973166717,0.09359573764755919,1.3222488474348622,0.010000000000000002,500000,NaN,0.05,0.4747213205698512,195.87490844726562,1,0.9727843999862671,2.55210018157959,-93.977496542817,0.2790705418989079,0.10022403209301167,0.06504753801347993,0,1.7336490154266357,1780645629.2942078,4.270295466753112,0.15
615.2237544461296,510000,0.1148283080020476,0.07277955798033092,201.88848876953125,57,173.26040649414062,516266.0,0.16816450227884236,74.87854688441874,491.4304035511192,1,267.40869140625,10771.607722236,30.114351272583008,-204.5251007080078,202.62222290039062,0.17046917032982623,0.09146438319058646,0.10036156082115624,1.3464861405747277,0.010000000000000002,500000,3.50415301322937,0.05,0.46215601403798373,199.75540161132812,1,3.5121705532073975,1.8398151397705078,-123.79335089501046,0.28467574244409444,0.09543083360019539,0.06999045372829728,0,3.6634931564331055,1780645818.590124,4.376946206036068,0.15
615.2237544461296,515000,0.11275872778490624,0.0797769359480112,193.22512817382812,58,71.11601257324219,521294.0,0.14832877157077567,141.48542374338695,256.0788749820923,1,269.3670654296875,10954.680673349,52.16616439819336,0.0,193.34738159179688,0.1635566708001203,0.09654423126425499,0.11335274565908332,1.3648068332038148,0.010000000000000002,500000,NaN,0.05,0.44983206382277796,192.91458129882812,1,0.7878490686416626,0.9997298717498779,-359.14487946403733,0.25366606467101876,0.09473442603238741,0.08561020825634881,0,0.7707900404930115,1780646001.6629848,4.408825898328964,0.15
615.2237544461296,520000,0.12701488766806918,0.08526445375991597,185.58602905273438,59,97.54281616210938,526323.0,0.15312566447791154,17.40656717424635,548.6849524748715,1,266.1593933105469,11144.43408265,47.9437141418457,0.0,185.46551513671875,0.17358423588343597,0.09571239412192342,0.09770442400170776,1.4043640355028155,0.010000000000000002,500000,NaN,0.05,0.4377094529560934,185.31515502929688,1,0.7735748291015625,1.4038970470428467,-66.53880197125818,0.24197470684265748,0.10501910185250386,0.07372580595004403,0,0.8964639902114868,1780646191.4162898,4.528026719340416,0.15
648.5180058227877,525000,0.1161680000922229,0.07567480016400133,192.89614868164062,60,132.64776611328125,531356.0,0.15389589075854265,51.8838459327534,648.5180058227877,1,263.51287841796875,11338.229091881,55.68113708496094,-196.66677856445312,191.56985473632812,0.1664591807526925,0.09229083877295227,0.10105593756856192,1.392830492346881,0.010000000000000002,525000,5.408322811126709,0.05,0.446131004673476,191.01211547851562,1,0.9000056982040405,2.475651264190674,0.0,0.2723739731686818,0.10233058988222533,0.07364669027484762,0,2.399277448654175,1780646385.2112558,4.499723262181141,0.15
648.5180058227877,530000,0.12192103045138841,0.07356773837527726,199.16458129882812,61,103.43927764892578,536382.0,0.14814841790371588,85.43156266889126,572.6690026259231,1,263.8939514160156,11534.124500213,49.239967346191406,0.0,199.12306213378906,0.17721694143644223,0.08593283941542419,0.10188570258809099,1.3704020453616976,0.010000000000000002,525000,NaN,0.05,0.45579145397059617,199.11703491210938,1,0.513203501701355,1.1349337100982666,-75.8490031968646,0.2666110947922183,0.1025867740798276,0.0702778899857852,0,0.8023438453674316,1780646581.1067226,4.40731579301258,0.15
683.9665247823536,535000,0.1266849545803571,0.06741127631034927,199.17088317871094,62,36.217037200927734,541407.0,0.1518723936671207,68.65683709567463,683.9665247823536,1,263.7000732421875,11731.958548898,85.27531433105469,0.0,199.24072265625,0.17804911733382212,0.08742306525834503,0.10209767098963275,1.3534619715516476,0.010000000000000002,535000,NaN,0.05,0.46100434514946786,198.58352661132812,1,2.2554008960723877,1.260224461555481,0.0,0.26704347778609466,0.10592909356914867,0.06536135494512388,0,1.9826371669769287,1780646778.9406438,4.325533674152137,0.15
683.9665247823536,540000,0.12352194819976105,0.07502224561496731,191.77545166015625,63,57.71027374267578,546435.0,0.14957094598012147,201.00100333931988,562.9781628267488,1,274.1617736816406,11932.29368697,61.4747314453125,-195.53428649902344,192.10948181152344,0.16603907939841908,0.09278390289106396,0.0997841936562294,1.3798944415001386,0.010000000000000002,535000,2.619237184524536,0.05,0.4519543894556131,191.45254516601562,1,1.417677879333496,2.067722797393799,-120.98836195560489,0.2643212915094716,0.10704841131574652,0.07147893876810506,0,2.3484973907470703,1780646979.2758663,4.443597432602657,0.15
683.9665247823536,545000,0.12472916493742035,0.07000828479570555,197.3813018798828,64,147.51109313964844,551464.0,0.14447627080446948,19.698828083507685,670.3854545065585,1,272.4680480957031,12133.612336767,33.20270538330078,0.0,197.20570373535156,0.17327088508986244,0.0866881042234991,0.10317149736278948,1.3810661045733017,0.010000000000000002,535000,NaN,0.05,0.44879759347142784,196.67857360839844,1,1.2788724899291992,1.6419039964675903,-13.581070275795128,0.266686747211753,0.10525625028292565,0.07018907633525566,0,1.8195186853408813,1780647180.5945094,4.43244040718279,0.15
683.9665247823536,550000,0.11794653928730786,0.07142160763219879,195.34567260742188,65,184.5459442138672,556491.0,0.14553773790081753,13.800022882781086,668.3722616529974,1,278.0226135253906,12336.208136161,34.24271774291992,0.0,195.64956665039062,0.17324527574275966,0.08005678701626212,0.11109459377807647,1.3647571704911847,0.010000000000000002,535000,NaN,0.05,0.45789295582906575,195.7541961669922,1,0.6447436213493347,1.2503384351730347,-15.59426312935625,0.27244684037798683,0.09793774503730149,0.07585062105164601,0,0.6529865264892578,1780647383.1902137,4.3897459127096985,0.15
683.9665247823536,555000,0.1235091290244263,0.06689456583978223,201.21640014648438,66,286.6509704589844,561515.0,0.14892007096918086,113.08784326896192,567.7378544902492,1,284.2974548339844,12535.497695998,49.1693000793457,-205.289794921875,200.4664306640625,0.17298367591036007,0.0848748918953698,0.0954523954792083,1.3541439838769023,0.010000000000000002,535000,76.70116424560547,0.05,0.4602451789046615,200.1655731201172,1,2.579645872116089,2.1749584674835205,-116.22867029210443,0.2871313976289412,0.10362641328622486,0.0655275414907566,0,1.7734582424163818,1780647582.4798033,4.345146277226692,0.15
683.9665247823536,560000,0.1230506751492489,0.06932820725105492,194.6973876953125,67,89.00215911865234,566542.0,0.14202724759834698,135.65256393005367,560.0403037065806,1,285.5757141113281,12733.876815247,109.53897857666016,0.0,194.44728088378906,0.17696569952873886,0.08712872913580375,0.09522936274890108,1.3820478925994841,0.010000000000000002,535000,NaN,0.05,0.44579109747590384,194.27601623535156,1,1.1304311752319336,1.7250887155532837,-123.92622107577301,0.27445280547879947,0.10496972641768006,0.06887480538599443,0,0.8304234147071838,1780647780.8587909,4.390278392941113,0.15
683.9665247823536,565000,0.12632934354030095,0.06883918371718464,196.57308959960938,68,115.59611511230469,571568.0,0.13300651349114406,46.33210090440158,677.8959268270532,1,285.8304138183594,12933.853976829,119.50797271728516,0.0,196.43637084960938,0.171718711686905,0.08561467205192792,0.09658786281185464,1.3846300953820645,0.010000000000000002,535000,NaN,0.05,0.4476357098352198,196.7247314453125,1,0.6233946681022644,1.0940687656402588,-6.0705979553004,0.27481102602216156,0.10643388781608984,0.06966532321367244,0,0.7318350672721863,1780647980.8362105,4.4098177943479735,0.15
711.4331200764309,570000,0.13122465870890765,0.06442182649809498,186.75241088867188,69,95.4462661743164,576591.0,0.15435236683433273,25.726984393998958,711.4331200764309,1,287.2585144042969,13136.234715748,78.93930053710938,-189.12725830078125,186.12588500976562,0.17788500603049848,0.08604331365112922,0.10266195387532372,1.366180747013374,0.010000000000000002,570000,2.486316442489624,0.05,0.45584255192667394,186.73875427246094,1,0.9981623291969299,1.3681628704071045,0.0,0.25860639768487875,0.11114749368121685,0.0680093604827736,0,0.8102591633796692,1780648183.216473,4.36544367768441,0.15
711.4331200764309,575000,0.1216809803485417,0.06644773342480224,196.95498657226562,70,63.65150451660156,581614.0,0.1513249481864742,179.27818236963864,346.2761889666498,1,288.6393737792969,13329.06010242,82.30326080322266,0.0,196.41734313964844,0.17171096115057913,0.0863176679259924,0.11098122610763679,1.3755447069048428,0.010000000000000002,570000,NaN,0.05,0.4541577631529746,195.9683380126953,1,1.5175457000732422,1.4194591045379639,-365.1569311097811,0.2670940784702056,0.10517491918666282,0.07059244494672737,0,1.579113483428955,1780648376.0422385,4.383353789768291,0.15
711.4331200764309,580000,0.12197271287441254,0.0654834815106073,190.5503692626953,71,96.85243225097656,586641.0,0.14881565794957397,251.74498704888197,540.9354444538994,1,288.9650573730469,13520.345266799,63.143409729003906,0.0,190.41700744628906,0.17476080671645874,0.08700931813178021,0.104736434701332,1.3419742113629052,0.010000000000000002,570000,NaN,0.05,0.4667235541309035,190.13327026367188,1,0.8656061887741089,0.9095682501792908,-170.49767562253146,0.2687170400219255,0.10704450007138211,0.07027571696224948,0,0.6751959919929504,1780648567.3274148,4.271590350672256,0.15
711.4331200764309,585000,0.11498599806273659,0.07176007045574008,197.6241912841797,72,156.71646118164062,591670.0,0.129379864949761,41.30055081773384,665.1696671427511,1,286.2817077636719,13720.253715993,44.42916488647461,-199.89498901367188,197.8058624267578,0.1597145455581344,0.09001414082794382,0.10544253729617764,1.3396426702162907,0.010000000000000002,570000,2.4419615268707275,0.05,0.4655044221838049,197.81146240234375,1,0.699711263179779,1.2626876831054688,-46.26345293367979,0.2798741781407269,0.10389721479484756,0.0743113265918391,0,0.7250036597251892,1780648767.2359617,4.286570500321722,0.15
727.7787666529266,590000,0.12394518504097626,0.07094881835420573,199.00711059570312,73,99.00313568115234,596696.0,0.14569978309432652,49.43956582741983,727.7787666529266,1,285.80517578125,13919.800988326,55.921661376953125,0.0,198.67526245117188,0.1640112654868107,0.08815391448000758,0.10911492492364748,1.3861894369125367,0.010000000000000002,590000,NaN,0.05,0.44967830572733636,198.73541259765625,1,2.0992236137390137,2.0993919372558594,0.0,0.2579324918195506,0.10961887524992162,0.07627453563822006,0,1.062551736831665,1780648966.7832425,4.421898051943705,0.15
727.7787666529266,595000,0.1261172424241941,0.07100253873981759,196.19386291503906,74,39.271400451660156,601720.0,0.14876450240963848,64.48607294029075,716.265235600077,1,288.1975402832031,14122.053857854,55.597373962402344,0.0,196.13168334960938,0.1582433118240896,0.09102279702936074,0.10533568913290987,1.3947291846504453,0.010000000000000002,590000,NaN,0.05,0.4439593972072532,196.1541748046875,1,0.8435823321342468,1.102900743484497,-11.513531052849657,0.2608592699662675,0.11398679043857865,0.07343237196599367,0,0.9504417777061462,1780649169.0361469,4.471596492601328,0.15
727.7787666529266,600000,0.11897756636113613,0.07106419368344484,207.40475463867188,75,129.023681640625,606744.0,0.15686616309967472,9.673038490626155,678.487214290765,1,286.86737060546875,14324.554925953,149.01541137695312,-208.7584228515625,206.95477294921875,0.1633254389975149,0.08788653663493798,0.11306250749795566,1.3990274557964826,0.010000000000000002,590000,3.140974760055542,0.05,0.4453986793334273,206.73812866210938,1,1.7869181632995605,1.2816505432128906,-49.29155236216161,0.26340543940248407,0.10430409193301003,0.07797423633052974,0,1.6508293151855469,1780649371.5370865,4.493311716861474,0.15
727.7787666529266,605000,0.13048077531614752,0.07293491805618721,194.81295776367188,76,72.73521423339844,611769.0,0.1738335764068546,192.35423258386558,562.916205898308,1,286.1927490234375,14524.532153862,107.40887451171875,0.0,194.3038330078125,0.16323038667004755,0.09340318883141441,0.11287508423187537,1.449899256971635,0.010000000000000002,590000,NaN,0.05,0.4206485320376782,193.97332763671875,1,1.0015016794204712,1.5448341369628906,-164.86256075461858,0.2388169498752115,0.11180645551756388,0.07645225240211101,0,1.2928833961486816,1780649571.5143425,4.690351609223329,0.15
727.7787666529266,610000,0.12617535950166398,0.07093124881242241,199.24798583984375,77,174.11502075195312,616798.0,0.14057712806910228,121.40140524133622,587.8510775379648,1,290.7834777832031,14715.495736953,56.3399658203125,0.0,199.30661010742188,0.16348776547639662,0.09707527912165649,0.10806700542262065,1.421537549588187,0.010000000000000002,590000,NaN,0.05,0.4340668946889968,198.89730834960938,1,1.0103996992111206,1.4643112421035767,-139.92768911496182,0.24879368963041182,0.11330155860070654,0.07216810485536779,0,0.987774670124054,1780649762.4778626,4.567569187745966,0.15
727.7787666529266,615000,0.12985339688655678,0.06709684977836772,201.2370147705078,78,38.87432098388672,621826.0,0.1260233352056803,103.22337662189429,690.927604550616,1,293.72528076171875,14914.655970571,75.18756866455078,-203.84304809570312,201.33058166503906,0.16929310274143472,0.09051374005755101,0.11204944212971434,1.4165119399291157,0.010000000000000002,590000,4.134317874908447,0.05,0.4360763956794809,201.02783203125,1,0.8668343424797058,0.8990686535835266,-36.85116210231058,0.24675509937180032,0.11217767705915702,0.07226070319701396,0,0.8574178218841553,1780649961.6379802,4.50261309810566,0.15
727.7787666529266,620000,0.1302839642624455,0.06997264898099977,207.25856018066406,79,37.607975006103516,626856.0,0.1528899528172792,12.531400819393552,671.9318868335529,1,295.8400573730469,15114.328377186,84.5181884765625,0.0,207.31494140625,0.16328001583931345,0.09478557156060312,0.11457457498683839,1.4155873025555779,0.010000000000000002,590000,NaN,0.05,0.4332538337396639,207.1355743408203,1,0.6652015447616577,1.163266658782959,-55.846879819373726,0.23716105279836386,0.11460980949756364,0.07533237435396758,0,0.8365357518196106,1780650161.3104875,4.528727232687576,0.15
727.7787666529266,625000,0.13085606122631152,0.06304579125669887,203.84930419921875,80,50.28324890136719,631898.0,0.14510003265584256,3.3676426228907137,440.5381604998817,1,296.04913330078125,15304.726562629,38.88024139404297,0.0,203.69854736328125,0.17216078521868655,0.09344388256157551,0.09383025775727538,1.3758651416265328,0.010000000000000002,590000,NaN,0.05,0.4482458615651871,203.45541381835938,1,0.8638091683387756,1.279850721359253,-287.2406061530449,0.27071233983353044,0.11564389515772423,0.06030699685950581,0,0.7944716215133667,1780650351.7087567,4.391885715586539,0.15
796.0009007710029,630000,0.1376976936514185,0.06680866175051424,199.79617309570312,81,99.76860809326172,636926.0,0.13718131065511466,83.89168298227841,796.0009007710029,1,300.6448669433594,15501.904809557,85.16822052001953,-201.71202087402344,199.87237548828125,0.17333813028329023,0.09556053849712272,0.09891122561180275,1.4113001947821975,0.010000000000000002,630000,2.7236270904541016,0.05,0.4320170628933852,199.983154296875,1,0.5898820757865906,0.9254153966903687,0.0,0.24113557540607392,0.11988675009174392,0.06666143514675509,0,0.7173628807067871,1780650548.8871949,4.503227962639748,0.15
796.0009007710029,635000,0.1303783565401097,0.06812858568930766,201.141845703125,82,73.22962188720703,641953.0,0.13925641140902545,128.1368374201624,541.8056907001849,1,300.81890869140625,15700.91174622,71.33718872070312,0.0,201.1581573486328,0.17129543884362866,0.0945066021110135,0.10096327705641299,1.4013526449006033,0.010000000000000002,630000,NaN,0.05,0.4373993469338612,201.62228393554688,1,1.2669130563735962,1.0093177556991577,-254.195210070818,0.25216755760436493,0.1144159836501767,0.06814420977466655,0,1.2730128765106201,1780650747.893784,4.472599188975936,0.15
796.0009007710029,640000,0.12605461796566506,0.0720541841053859,199.94534301757812,83,140.3235321044922,646982.0,0.14688521049197412,11.539203899320107,689.2755042326338,1,301.436279296875,15901.156292845,94.82962036132812,0.0,201.85739135742188,0.17088062549887675,0.09460574303339103,0.1017108285401706,1.3939080585771968,0.010000000000000002,630000,NaN,0.05,0.43840695918326567,200.34620666503906,1,2.4698565006256104,3.291415214538574,-106.72539653836907,0.251207762057076,0.11041012732244564,0.07307612378674178,0,3.3875460624694824,1780650948.1384487,4.453181220806411,0.15
796.0009007710029,645000,0.1312464995615647,0.06942709653302638,202.2620849609375,84,87.96429443359375,652014.0,0.12798088309942907,113.37751732945925,524.3127337230378,1,302.7495422363281,16098.652713185,58.88809585571289,-204.37582397460938,202.0926513671875,0.17136647002214758,0.0940009002150558,0.09264200740859768,1.38664410976359,0.010000000000000002,630000,2.9563026428222656,0.05,0.44277365797145796,201.94976806640625,1,0.8617116212844849,1.3856343030929565,-271.68816704796507,0.2581490551705839,0.11462654360611634,0.06854143786204636,0,0.9834344983100891,1780651145.634713,4.419383017877057,0.15
796.0009007710029,650000,0.13512723504644977,0.06417375237433026,202.81277465820312,85,58.88302993774414,657055.0,0.13708010652510183,92.91521229891688,489.82813462114393,1,300.5655212402344,16299.533071388,186.95030212402344,0.0,202.83563232421875,0.17913179162572437,0.09034060174516087,0.09589369272665654,1.3846453227337945,0.010000000000000002,630000,NaN,0.05,0.44147385872496675,202.81588745117188,1,1.0304700136184692,1.700095534324646,-306.17276614985894,0.25522564174058254,0.11377004582818738,0.06633724930333977,0,0.7272282242774963,1780651346.5150964,4.386033329245162,0.15
796.0009007710029,655000,0.13300862024703905,0.06675208605081448,197.8731689453125,86,67.3389892578125,662089.0,0.1410340372740437,112.40308454319431,314.23381385319374,1,298.1885986328125,16498.470256663,45.25122833251953,0.0,197.80307006835938,0.18294687843923157,0.0943165647847976,0.07996653601342614,1.376884531093554,0.010000000000000002,630000,NaN,0.05,0.44052605542780227,196.86441040039062,1,1.5567430257797241,1.2395405769348145,-481.76708691780914,0.26714676658522296,0.1130765751185793,0.06278598303721263,0,1.3775163888931274,1780651545.4523652,4.379885588691644,0.15
796.0009007710029,660000,0.13432487870455387,0.06579151006794741,205.0804901123047,87,123.35584259033203,667114.0,0.14665758325297518,121.5315680424318,625.8556752666302,1,301.25439453125,16696.159667951,63.26293182373047,-208.26287841796875,204.85311889648438,0.1785232682703969,0.09236601486787155,0.0873467630179881,1.4106259580959408,0.010000000000000002,630000,1.9585928916931152,0.05,0.4301987884037473,204.8962860107422,1,0.8109363317489624,1.4500160217285156,-170.14522550437266,0.258253372729258,0.11717048925212178,0.06622371287855769,0,0.6869274377822876,1780651743.1418471,4.490731565619902,0.15
796.0009007710029,665000,0.12966392511405403,0.06875851111899052,217.30381774902344,88,86.89618682861328,672137.0,0.14183497021793282,14.156021617180759,682.893621530534,1,298.8195495605469,16892.388646605,64.33567810058594,0.0,217.443603515625,0.18035343842105217,0.08905507813744565,0.08642246713370755,1.4389237269301416,0.010000000000000002,630000,NaN,0.05,0.41820317122817097,217.36709594726562,1,0.614661693572998,0.9001696109771729,-113.10727924046887,0.26552631161468176,0.11073907523158492,0.0694812040085102,0,0.5376960635185242,1780651939.370709,4.610812888348775,0.15
796.0009007710029,670000,0.13121827484033652,0.06890611273504636,197.56263732910156,89,43.211727142333984,677161.0,0.15470161204645722,14.199931462106646,706.9207971151602,1,297.7986755371094,17094.803802003,82.82109069824219,0.0,196.8926239013672,0.18012554609339282,0.08986529318986315,0.09064591473631718,1.4310591973207112,0.010000000000000002,630000,NaN,0.05,0.4233282820949332,197.50209045410156,1,1.2068109512329102,1.7029507160186768,-89.08010365584266,0.2609524465244235,0.10885555098074993,0.06943087153752314,0,0.6173616051673889,1780652141.7860637,4.600326541725916,0.15
796.0009007710029,675000,0.13087334906439213,0.06722164332998871,204.0600128173828,90,115.35523223876953,682186.0,0.14278799150202046,4.646415780681187,439.10088690507035,1,300.3366394042969,17288.499947522,87.03163146972656,-206.0445556640625,204.0986785888672,0.17217255300630938,0.08789232031398551,0.09613283005388423,1.4129692605768622,0.010000000000000002,630000,3.5627965927124023,0.05,0.43055161397493386,204.45852661132812,1,0.6592941284179688,1.335052251815796,-356.9000138659325,0.2656338307463549,0.10959970963828464,0.07047377481315337,0,0.8091947436332703,1780652335.4819036,4.529151544824752,0.15
796.0009007710029,680000,0.13239385777634344,0.0654032100141123,200.07049560546875,91,61.93095016479492,687214.0,0.15894209808856014,231.01062015952812,600.5911706117412,1,299.1199035644531,17481.336967499,62.24856948852539,0.0,200.00001525878906,0.17766073907447374,0.08636859299176153,0.10030388213990404,1.4094648597358523,0.010000000000000002,630000,NaN,0.05,0.43217550600511306,200.29812622070312,1,0.6645914316177368,1.0747193098068237,-195.4097301592617,0.25742290678316204,0.11022242247543972,0.07022440095915235,0,0.7573229074478149,1780652528.3192298,4.50174326906209,0.15
796.0009007710029,685000,0.13092469573455914,0.07286784189168342,207.6756591796875,92,89.41035461425781,692235.0,0.14946428254827626,75.818117845119,786.0582397632563,1,298.19390869140625,17680.80226746,56.119083404541016,0.0,207.32266235351562,0.16889912003124624,0.09368297856633517,0.10156989526089041,1.4237140261003431,0.010000000000000002,630000,NaN,0.05,0.42822201122483977,207.15211486816406,1,1.037414789199829,1.2377326488494873,-9.942661007746551,0.24378277540045346,0.11426074326728114,0.07401196016783237,0,0.9575324654579163,1780652727.7844753,4.577411823117604,0.15
796.0009007710029,690000,0.1254175315424265,0.07187065669206583,212.06997680664062,93,106.0765151977539,697256.0,0.14919002157255282,233.62545261338283,637.4856496353161,1,298.029052734375,17882.690420252,78.8984375,-215.04708862304688,212.68283081054688,0.17296885347369187,0.08947290556104974,0.10011079854275291,1.3996517431399307,0.010000000000000002,630000,2.8539958000183105,0.05,0.4375248496871408,212.658935546875,1,0.9127845168113708,1.4457128047943115,-158.51525113568675,0.2564644348010057,0.11023089018783654,0.07346393985075492,0,0.9642797708511353,1780652929.6725771,4.458031076857666,0.15
796.0009007710029,695000,0.12441377007338726,0.07129514437686749,198.33396911621094,94,154.43600463867188,702288.0,0.15980240194119621,118.88253291739954,388.3439441963724,1,298.2278747558594,18077.536894296,66.16886138916016,0.0,198.98068237304688,0.17127144038046255,0.09159342170119202,0.0888847488589222,1.3786190043222593,0.010000000000000002,630000,NaN,0.05,0.4457456026391909,198.17706298828125,1,1.306674599647522,1.6963157653808594,-407.6569565746305,0.27489087201691714,0.10972186547606111,0.06792874743040696,0,1.9676945209503174,1780653124.5190237,4.435526910262286,0.15
796.0009007710029,700000,0.12400730926712472,0.07540813265772467,195.03663635253906,95,83.58293151855469,707322.0,0.14350947859551166,365.7253812241874,608.5583141959278,1,294.0488586425781,18275.294799806,96.37052917480469,0.0,194.6158447265625,0.1641799378111459,0.09352375045455479,0.09349126884294949,1.4115935664557846,0.010000000000000002,630000,NaN,0.05,0.4340766987651293,194.91375732421875,1,0.9398072957992554,1.0376648902893066,-187.4425865750751,0.26625751163369626,0.1094623271824105,0.07366977297219666,0,0.6936118602752686,1780653322.2770085,4.557981041173728,0.15
796.0009007710029,705000,0.12215991461928705,0.0787707592523142,199.93804931640625,96,126.45154571533203,712355.0,0.15774169389792617,2.640059393026873,163.46652048093821,1,293.5687561035156,18464.077052383,68.6331787109375,-201.77886962890625,199.35159301757812,0.15304958088099224,0.10664985330285692,0.07761120860160532,1.3210202663477868,0.010000000000000002,630000,2.0799686908721924,0.05,0.4604690709776023,199.61062622070312,1,0.7606840133666992,1.453675627708435,-632.5343802900646,0.280397854351807,0.11581201110886415,0.06554882768404278,0,0.9174670577049255,1780653511.0592308,4.267556251120509,0.15
796.0009007710029,710000,0.1254411705207052,0.07440447364291286,203.4109344482422,97,89.63505554199219,717381.0,0.13582799770860188,349.7371398010165,702.4843796518857,1,292.6295166015625,18664.264586648,88.22103881835938,0.0,203.32305908203125,0.16245776311744475,0.09224212835238944,0.09133583222007183,1.4335651660351914,0.010000000000000002,630000,NaN,0.05,0.42916431493055285,202.46127319335938,1,1.814842700958252,1.4670860767364502,-93.51652111911721,0.26696537821127353,0.11336214156544788,0.0737911237748866,0,1.895545482635498,1780653711.2468095,4.653239067009129,0.15
938.4401750464046,715000,0.12822524788840298,0.07038471364035977,203.03555297851562,98,180.68605041503906,722408.0,0.13743310947543064,7.187997356095936,938.4401750464046,1,290.17181396484375,18868.353004523,85.66959381103516,0.0,203.42747497558594,0.16351243451515862,0.092087490480838,0.09942255923527779,1.4131249812506756,0.010000000000000002,715000,NaN,0.05,0.43578838586135416,202.59365844726562,1,1.9683772325515747,1.3509390354156494,0.0,0.2556474857273741,0.11659239722903281,0.07412768197785531,0,2.0002071857452393,1780653915.335223,4.526260534782316,0.15
938.4401750464046,720000,0.13561810689838968,0.07489293417985016,203.31553649902344,99,96.6224365234375,727427.0,0.13990035648000745,275.3918833869201,616.3748342936935,1,290.76995849609375,19065.048415256,64.00428771972656,-206.66934204101562,204.11163330078125,0.1596832802871198,0.10120574252745944,0.08605527695484723,1.4070887179883915,0.010000000000000002,715000,3.1414167881011963,0.05,0.4364591069284856,203.1914825439453,1,1.6277050971984863,1.6109009981155396,-322.0653407527111,0.2508528280607241,0.1233444400828361,0.06834740323696549,0,1.9687163829803467,1780654112.0305393,4.538886673572495,0.15
938.4401750464046,725000,0.12898465295522546,0.07452370451263539,205.53549194335938,100,96.92048645019531,732458.0,0.1667437517250623,2.1021063877035484,190.47609239994003,1,289.5789489746094,19264.210333299,110.82593536376953,0.0,204.76673889160156,0.16115812114759984,0.09965695544846043,0.07582491769160075,1.3544586261862397,0.010000000000000002,715000,NaN,0.05,0.4504462942448001,202.56423950195312,1,2.771153211593628,2.9662516117095947,-747.9640826464646,0.2734146680509436,0.11790330959958935,0.06853368170683308,0,4.4624786376953125,1780654311.1923769,4.364336998129631,0.15
938.4401750464046,730000,0.13173253964189263,0.07488746599937302,200.5408172607422,101,47.01385498046875,737485.0,0.1281736015955606,160.49974194201172,482.0387873773467,1,289.8084411621094,19465.916727006,49.54043197631836,0.0,200.5650634765625,0.16467014082397025,0.0923755981604613,0.08715329227991225,1.423231729936032,0.010000000000000002,715000,NaN,0.05,0.4267134234663986,200.40008544921875,1,0.7391897439956665,1.127935528755188,-456.40138766905795,0.2566820371164275,0.11863593308787261,0.07386300488086861,0,0.6748531460762024,1780654512.8989873,4.586070740506763,0.15
938.4401750464046,735000,0.12991241136700737,0.07555909302500177,207.13143920898438,102,104.68983459472656,742510.0,0.121448086943258,376.28797442247105,833.4524287032986,1,289.19586181640625,19667.671726232,43.577613830566406,-209.21742248535156,206.58831787109375,0.16066522636159397,0.09283557554110161,0.09243766073961036,1.4253018098237178,0.010000000000000002,715000,2.8248343467712402,0.05,0.4281465614727845,205.12945556640625,1,2.0358774662017822,1.056291937828064,-104.9877463431061,0.25509833431259477,0.11796626853989611,0.07552544089330498,0,2.243086576461792,1780654714.6539204,4.603384584344261,0.15
967.5196988724571,740000,0.1282376673264602,0.07324662592351641,212.5067596435547,103,74.62129974365234,747526.0,0.12860678963885935,331.54167002049303,967.5196988724571,1,289.12615966796875,19872.683453659,60.081722259521484,0.0,211.6923828125,0.1657762658862314,0.08960072347491058,0.09748249158480835,1.4231038137809517,0.010000000000000002,740000,NaN,0.05,0.4285729391058696,212.1332550048828,1,1.508626937866211,2.1307742595672607,0.0,0.2537206949685345,0.11560010864716215,0.07633543322534905,0,0.6386258602142334,1780654919.6655793,4.582331256276554,0.15
1086.3905890979042,745000,0.12752377051744287,0.07390934885896584,208.97604370117188,104,79.06822204589844,752543.0,0.13025333751785723,117.31193358405012,1086.3905890979042,1,291.5711975097656,20076.573806763,92.5539779663086,0.0,209.0496368408203,0.1568832780882629,0.08937171600454034,0.10024869996021256,1.418734062851741,0.010000000000000002,745000,NaN,0.05,0.43228197227114346,208.32009887695312,1,1.479177713394165,1.5072200298309326,0.0,0.2581888459090839,0.11652324999495997,0.07735110166238689,0,1.4739973545074463,1780655123.5558317,4.5831666244437566,0.15
1086.3905890979042,750000,0.1253933850384686,0.07609683571623078,208.20790100097656,105,42.936622619628906,757560.0,0.13164466093671073,61.836239558585696,1043.5814356155063,1,294.21954345703125,20269.771021279,56.33533477783203,-210.77435302734375,208.34136962890625,0.1591837471992144,0.08997490300509198,0.10191984952554121,1.4111965425314996,0.010000000000000002,745000,1.7634291648864746,0.05,0.4363303918714812,208.2213897705078,1,0.6560096740722656,0.9355340003967285,-42.80915348239796,0.25642063184001734,0.11302346492258662,0.07798719277594884,0,0.6116238832473755,1780655316.7532814,4.565211928402184,0.15
1092.3215776532086,755000,0.13108432603221906,0.07505711599818984,205.52679443359375,106,103.60811614990234,762577.0,0.13219151144173397,73.79460273734269,1092.3215776532086,1,297.6587829589844,20464.620943027,67.39362335205078,0.0,205.1717987060547,0.16316034484748976,0.09037802751541515,0.10324515033737297,1.4320053068142904,0.010000000000000002,755000,NaN,0.05,0.4243230396999588,205.453369140625,1,0.6615596413612366,1.1305718421936035,0.0,0.2388088516525547,0.1179977794413608,0.0802684152534208,0,0.6878708004951477,1780655511.6030812,4.588256798514837,0.15
1092.3215776532086,760000,0.1246173391873772,0.07797176679297767,210.56092834472656,107,80.26811218261719,767593.0,0.14934627661987535,114.84070839700938,1074.6140719262482,1,293.5846862792969,20671.959028512,43.600013732910156,0.0,210.43417358398438,0.15967672124345822,0.09269263130325255,0.10333809509725878,1.4230857792700857,0.010000000000000002,755000,NaN,0.05,0.4272196597081921,210.24131774902344,1,0.6302160620689392,1.2136619091033936,-17.707505726960335,0.24430297240193424,0.11551781543100277,0.0818826692520701,0,0.7056492567062378,1780655718.9411569,4.57981715068961,0.15
1092.3215776532086,765000,0.12755708944324726,0.07620281001967792,218.7176971435547,108,67.39925384521484,772608.0,0.14150390987313968,105.72199741315347,988.3416399442491,1,296.6276550292969,20874.506674239,37.542240142822266,-220.4890899658203,218.59307861328125,0.1581241755614365,0.0936226304123713,0.10821192037149009,1.4007646864906578,0.010000000000000002,755000,4.154642105102539,0.05,0.435011785976772,218.70179748535156,1,0.7212872505187988,1.0925918817520142,-103.97993770895948,0.23682434087703705,0.11851347816813186,0.08094356592278766,0,0.5904219150543213,1780655921.4887786,4.476435768426724,0.15
1092.3215776532086,770000,0.1289488202894065,0.0765108413437777,201.05792236328125,109,63.04184341430664,777624.0,0.14474665863747377,90.18376758861359,889.6035769690759,1,302.9522705078125,21069.575656339,35.48896026611328,0.0,201.5723876953125,0.15885966774957647,0.0928763656669009,0.10921698959058425,1.4159908516592563,0.010000000000000002,755000,NaN,0.05,0.43117741503238116,201.10906982421875,1,0.7756953835487366,1.3291575908660889,-202.71800068413268,0.234317628638349,0.11664956056330415,0.08262013754121578,0,0.8246225714683533,1780656116.5579815,4.544125680677304,0.15
1092.3215776532086,775000,0.12721624811930224,0.07908704096573432,198.7761688232422,110,100.91971588134766,782642.0,0.14407658059250164,78.12118913823596,966.2684372527331,1,298.3610534667969,21264.144129234,65.7241439819336,0.0,198.37509155273438,0.15493863259956422,0.09344455473328812,0.11191209974176404,1.4179812815654527,0.010000000000000002,755000,NaN,0.05,0.4310948596402327,197.83021545410156,1,1.5182149410247803,1.2089998722076416,-126.05314040047551,0.23311179956787348,0.11597386254379868,0.08431577353816697,0,1.30140221118927,1780656311.1263938,4.546927645105179,0.15
1092.3215776532086,780000,0.1277162423120914,0.07734595813287344,200.09164428710938,111,144.6035614013672,787661.0,0.14025156877547054,38.15648741839471,866.994720699051,1,302.09844970703125,21466.385599532,82.00819396972656,-203.81712341308594,201.59739685058594,0.16009775413403152,0.09698176461315419,0.1124646585872496,1.4030092591442698,0.010000000000000002,755000,3.423313617706299,0.05,0.43753126444238605,201.46881103515625,1,0.7067468166351318,2.2690505981445312,-225.32685695415762,0.22536802526493233,0.1178235303561747,0.08220207709269896,0,1.685330867767334,1780656513.367786,4.463944291599845,0.15
1092.3215776532086,785000,0.13086060704991426,0.07917820339363531,204.13845825195312,112,94.01182556152344,792681.0,0.15146772615698106,254.80107235152536,606.1322224844832,1,304.5059509277344,21665.676214663,44.16086959838867,0.0,204.3521728515625,0.1668630998054897,0.09186313128086485,0.10109595807232134,1.414957069084923,0.010000000000000002,755000,NaN,0.05,0.42730825252530524,202.75918579101562,1,2.4522311687469482,0.9830819368362427,-486.18935516872534,0.23438376727580051,0.11440575826055484,0.08134948639289465,0,2.3974456787109375,1780656712.6584806,4.51098640443355,0.15
1092.3215776532086,790000,0.1301548971599247,0.07673608727909932,209.67066955566406,113,121.13694763183594,797702.0,0.1631347317078152,12.724161375985542,976.4455807616711,1,304.4281311035156,21863.201377785,40.89658737182617,0.0,210.11221313476562,0.16194685980592577,0.09378077130440554,0.11116058332480214,1.3804190062337187,0.010000000000000002,755000,NaN,0.05,0.4433768409677647,209.78536987304688,1,0.7741285562515259,1.0442180633544922,-115.87599689153751,0.2323737731190151,0.11660818576137834,0.07723885304832595,0,0.871758759021759,1780656910.1835063,4.393848335096737,0.15
1092.3215776532086,795000,0.12565840892154445,0.08471188908527674,203.9083251953125,114,90.89031982421875,802723.0,0.14938341194444948,31.832945290810358,959.0000439342435,1,307.1421203613281,22056.670726016,62.110008239746094,-205.92526245117188,203.56918334960938,0.15612557706285696,0.09462389922641448,0.11364335765984106,1.4097788439856636,0.010000000000000002,755000,4.591115951538086,0.05,0.43046153884767835,202.56527709960938,1,1.784952998161316,1.5400750637054443,-133.32153371896504,0.22653173446003858,0.11172240609082586,0.08698273884006971,0,1.9367341995239258,1780657103.6528869,4.518309858978772,0.15
1092.3215776532086,800000,0.1260540587485609,0.0843759465686403,200.1328125,115,45.54777526855469,807739.0,0.16138035401950981,53.659269607234826,939.9087134598556,1,307.3263244628906,22256.578230599,61.24617385864258,0.0,200.0697021484375,0.15462878379431708,0.09603571328699932,0.11274557419207089,1.3943055159673148,0.010000000000000002,755000,NaN,0.05,0.437427629158169,200.3084716796875,1,0.5882120132446289,1.3885924816131592,-152.41286419335302,0.2274825556151424,0.1146050152362809,0.08407236265301533,0,0.7211321592330933,1780657303.5603936,4.480070942764749,0.15
1092.3215776532086,805000,0.1254021281756841,0.08368046245574057,212.13185119628906,116,79.14383697509766,812759.0,0.14501174686968937,13.40319998309136,937.173677208308,1,306.9221496582031,22454.612345762,45.09370040893555,0.0,211.92218017578125,0.15315996952545088,0.09037618944141734,0.11945933379462217,1.4131428661557648,0.010000000000000002,755000,NaN,0.05,0.4312559694342606,212.01666259765625,1,0.730209469795227,1.0178368091583252,-155.14790044490053,0.22878655696612177,0.10933519894531271,0.08980017276508762,0,0.6144666075706482,1780657501.5945625,4.546442655829696,0.15
1092.3215776532086,810000,0.1297579716943519,0.08160237706345047,208.85519409179688,117,59.495216369628906,817777.0,0.1525456609286544,52.9180909384667,1006.9338162236478,1,308.4161682128906,22652.921072835,57.70267105102539,-211.31251525878906,209.13943481445312,0.15999920647066665,0.09417505010332859,0.11092974153957263,1.4114919969733333,0.010000000000000002,755000,3.20713210105896,0.05,0.43310691815027047,208.8099365234375,1,0.6443908214569092,1.0319058895111084,-85.38776142956078,0.22924997963168672,0.11313133106475146,0.08115435376514117,0,0.5391994714736938,1780657699.9033122,4.525766494744261,0.15
1092.3215776532086,815000,0.12363532647510264,0.08317488342009742,205.368896484375,118,126.96086883544922,822796.0,0.17269292244632936,81.4921601216531,1041.6683287597689,1,310.8943786621094,22856.061410356,46.94259262084961,0.0,205.13209533691406,0.1513427094153724,0.09700922859185412,0.11085372428417166,1.392934589234208,0.010000000000000002,755000,NaN,0.05,0.44114169502131817,203.54934692382812,1,2.057906150817871,0.9776972532272339,-50.653248893439695,0.2353963350731415,0.1159075952384532,0.08268020797980362,0,2.1718735694885254,1780657903.0434766,4.494028947081427,0.15
1092.3215776532086,820000,0.12842287637398275,0.08390183650023457,208.68350219726562,119,31.310089111328125,827813.0,0.13968256684858413,18.554362467847337,943.6717999116084,1,310.1221618652344,23061.154977396,52.160457611083984,0.0,208.8544921875,0.15586010677349224,0.09368745815713066,0.11622176317772859,1.425709927320657,0.010000000000000002,755000,NaN,0.05,0.4270434656502849,208.64889526367188,1,0.7252596616744995,1.023530125617981,-148.64977774160013,0.2171560857552701,0.11527120419746863,0.08947867932511953,0,0.5135356187820435,1780658108.137109,4.565071436455729,0.15
1092.3215776532086,825000,0.1280042283916927,0.08417134650498484,208.2397918701172,120,137.6164093017578,832831.0,0.1638631020996745,115.70280394901735,1068.867634815931,1,310.4448547363281,23265.148999737,63.80293273925781,-210.95245361328125,208.12831115722656,0.1578579104665555,0.0936534256644016,0.1113757512777544,1.4268363673469397,0.010000000000000002,755000,1.6653716564178467,0.05,0.42671262297235124,208.0358123779297,1,0.6256111860275269,1.1172641515731812,-23.45394283727751,0.22825337470572482,0.11289307141723998,0.08379090240934575,0,0.5655801296234131,1780658312.130734,4.59260116373866,0.15
1092.3215776532086,830000,0.1258185664087199,0.09637424376992028,214.31361389160156,121,77.103515625,837847.0,0.21298837477274837,334.2294039610242,148.56877502851756,1,313.9010009765625,23462.3153461,173.30503845214844,0.0,213.0582275390625,0.15486423067106736,0.10917825655739628,0.10130685653663084,1.4765978682130463,0.010000000000000002,755000,NaN,0.05,0.40361840771825125,214.16380310058594,1,2.2192039489746094,2.367912769317627,-943.752802624691,0.20412270149934605,0.11926112316325586,0.0890740319835336,0,1.98051118850708,1780658509.2976599,4.80675551909186,0.15
1092.3215776532086,835000,0.12166431235667692,0.08811873181227359,201.24029541015625,122,112.24945068359375,842864.0,0.1556531352902628,156.05920452898292,1016.8591964773428,1,314.18243408203125,23656.395290295,61.60418701171875,0.0,201.859130859375,0.15271508903928124,0.09921616922510684,0.10252036071489366,1.4031423887116523,0.010000000000000002,755000,NaN,0.05,0.4340569504711985,201.7224884033203,1,0.9366700649261475,1.3504339456558228,-75.46238117586574,0.23723146010078108,0.11416173602472542,0.08437215156540191,0,0.6864984035491943,1780658703.3775172,4.500889832240794,0.15
1092.3215776532086,840000,0.12769651278746652,0.08050443542754536,213.37655639648438,123,146.18743896484375,847879.0,0.14941248247399877,252.65603649718645,964.7141179703816,1,314.67999267578125,23857.298573475,110.6129379272461,-216.10757446289062,213.96115112304688,0.16136360118379775,0.09580652527091692,0.10509895547526672,1.414934176546199,0.010000000000000002,755000,4.3659162521362305,0.05,0.4299172532208663,212.65658569335938,1,1.7314188480377197,1.0641894340515137,-127.60745968282697,0.23276214223674074,0.11442359057339292,0.08234424820009026,0,1.5996625423431396,1780658904.2807024,4.5232007275746975,0.15
1213.1971166011817,845000,0.12612894734850635,0.08102017869520137,209.22877502441406,124,126.74496459960938,852894.0,0.1647517693444524,189.8131931018589,1213.1971166011817,1,316.2967224121094,24064.464345123,120.00092315673828,0.0,210.07037353515625,0.16144198100493845,0.09523140572308644,0.11357473921232414,1.4157771099157144,0.010000000000000002,845000,NaN,0.05,0.43199135064229666,209.52720642089844,1,0.7804915904998779,1.4724342823028564,0.0,0.2260549466186694,0.11385107266576032,0.08269673968556515,0,0.5802779197692871,1780659111.4464757,4.540812799529812,0.15
1419.2878912351355,850000,0.12917593174590225,0.08068001029778762,213.13221740722656,125,69.33148193359375,857910.0,0.16876029330315173,448.0898092607509,1419.2878912351355,1,314.9988098144531,24276.752944768,45.94103240966797,0.0,213.2115478515625,0.16187616468595672,0.0930936497019527,0.10996250126877716,1.4404437497755866,0.010000000000000002,850000,NaN,0.05,0.4235078949400742,213.15782165527344,1,0.4878121614456177,1.1731709241867065,0.0,0.2303438780542046,0.11257193913346629,0.08229593603600965,0,0.5938290357589722,1780659323.735203,4.635183947962253,0.15
1419.2878912351355,855000,0.1281353962556841,0.08097417623636272,217.1776123046875,126,66.62667083740234,862925.0,0.16874530754013636,206.3852506658682,1098.3054164604232,1,316.3021240234375,24475.512215982,46.367862701416016,-218.99656677246094,217.00343322753906,0.16281519452812615,0.09453816747689946,0.1047286451835391,1.4067082734288294,0.010000000000000002,850000,3.205137252807617,0.05,0.43605202456442604,217.23876953125,1,0.6132335662841797,1.1517398357391357,-320.9824747747123,0.234955755747757,0.11399525183571951,0.07985742440655687,0,0.48803484439849854,1780659522.4943967,4.503077264165108,0.15
1419.2878912351355,860000,0.12572487010271502,0.08105890894652612,213.3404083251953,127,57.61951446533203,867940.0,0.15416391812939484,40.432005927775336,965.5149222999733,1,317.721923828125,24669.632882797,85.41409301757812,0.0,212.84024047851562,0.16190909242063378,0.09235158690831997,0.1169558783369973,1.410225597465278,0.010000000000000002,850000,NaN,0.05,0.43212158863025785,213.09524536132812,1,0.8317462205886841,1.1853896379470825,-453.7729689351622,0.22463451864732467,0.11220705524849717,0.08515810006088705,0,0.7725853323936462,1780659716.6151757,4.522693341044229,0.15
1419.2878912351355,865000,0.1261855738842089,0.08391047949166325,217.37594604492188,128,118.69700622558594,872957.0,0.17302174864877687,141.34277886282158,1082.2506208322343,1,319.4335632324219,24868.30013677,71.92697143554688,0.0,216.031494140625,0.16024330199947212,0.0934958802358652,0.11041252158892942,1.41667790459082,0.010000000000000002,850000,NaN,0.05,0.4304605454848878,214.8515625,1,1.659980297088623,2.2297587394714355,-337.0372704029012,0.23273962388505826,0.11173227042895449,0.08128035932218365,0,2.9871296882629395,1780659915.282373,4.569972792032249,0.15
1419.2878912351355,870000,0.13048421214233707,0.08320827220428546,210.6558837890625,129,123.1151123046875,877973.0,0.15632721213963113,154.70887724965098,1116.3150548893796,1,318.4774475097656,25075.639532761,61.12554168701172,-214.64366149902344,211.99526977539062,0.1615787871759512,0.0928985329329932,0.10244055193405513,1.4152477542051831,0.010000000000000002,850000,2.4301819801330566,0.05,0.4311246612782219,211.0704345703125,1,1.8692975044250488,2.151296615600586,-302.9728363457559,0.23479285646801998,0.11382753789570943,0.08076926006680786,0,0.7204836010932922,1780660122.6217506,4.52571078043576,0.15
1419.2878912351355,875000,0.12694574773131226,0.08005092943496064,211.57376098632812,130,47.10677719116211,882988.0,0.1597324541440298,304.5784520242404,1072.4541337850853,1,319.2879943847656,25268.756840759,49.79000473022461,0.0,211.70046997070312,0.1612078009749454,0.0913939977877077,0.11520517766760503,1.393452990886777,0.010000000000000002,850000,NaN,0.05,0.4401652066095804,211.4873809814453,1,0.6332613229751587,1.0948073863983154,-346.83375745005014,0.23260020506077225,0.11119002758787293,0.08140612539591095,0,0.5107294321060181,1780660315.7390783,4.458122633793963,0.15
1419.2878912351355,880000,0.12562440165591227,0.08026458376148893,215.76376342773438,131,88.9043197631836,888005.0,0.1605810040732531,179.14250649560353,1156.5214639883623,1,319.6866149902344,25462.280356862,105.59916687011719,0.0,215.75152587890625,0.16254768595899155,0.09074586929867826,0.11771817651972148,1.4298420266409892,0.010000000000000002,850000,NaN,0.05,0.42612744945995,215.82481384277344,1,0.9102110862731934,1.4198304414749146,-262.7664272467732,0.22943504029172976,0.10987384602000974,0.083790407496625,0,0.8243314027786255,1780660509.2625842,4.6065072903835,0.15
1419.2878912351355,885000,0.12661830957771658,0.08222330597274921,222.0370635986328,132,57.95472717285156,893022.0,0.16628086232277517,175.4635409930632,1026.7936829818275,1,321.974853515625,25662.470043621,194.542236328125,-223.7593994140625,221.80392456054688,0.1623077788717625,0.09119039617779254,0.11362820271103433,1.4076640366792916,0.010000000000000002,850000,3.5083723068237305,0.05,0.43240372357428847,221.53347778320312,1,0.9107121229171753,1.377057433128357,-392.494208253308,0.2278933136046469,0.10991217566158167,0.08622652853155426,0,0.7915467619895935,1780660709.4520473,4.503017772320548,0.15
1419.2878912351355,890000,0.12678662523700207,0.08262142757680055,223.72300720214844,133,46.38674545288086,898039.0,0.16517708480176563,49.17047945190234,1064.184615202653,1,320.3076477050781,25865.992460833,58.53032302856445,0.0,223.7296905517578,0.16207168734530641,0.0938790225793059,0.10741656874025432,1.4020890393226026,0.010000000000000002,850000,NaN,0.05,0.43703003052202755,223.54302978515625,1,0.8167926073074341,1.287137508392334,-355.1032760324824,0.2312267312862064,0.11276878058472815,0.08322916749141636,0,0.6014939546585083,1780660912.974639,4.484478637872668,0.15
1419.2878912351355,895000,0.12553553654905916,0.08054103164754418,219.03994750976562,134,70.00625610351562,903056.0,0.17490492614138822,97.79248038362248,1053.0191006084297,1,324.88409423828125,26064.499227056,60.45000076293945,0.0,218.7414093017578,0.16117595459271428,0.0906837735919852,0.11377074552051916,1.4137625835579843,0.010000000000000002,850000,NaN,0.05,0.43367778893034825,218.80368041992188,1,0.8853428363800049,1.2795770168304443,-366.2687906267058,0.23612547193860609,0.10919085135423137,0.08297664606258623,0,0.8202978372573853,1780661111.4814024,4.571654463365765,0.15
1419.2878912351355,900000,0.13133223520822762,0.08028237732727665,207.52957153320312,135,71.9244384765625,908073.0,0.16553721321690848,100.67301977394052,1034.6276587561629,1,324.69427490234375,26270.106040112,71.86338806152344,-211.18701171875,207.94863891601562,0.16415061311288315,0.09032443016521202,0.1068021188978075,1.3985291737564338,0.010000000000000002,850000,5.5786590576171875,0.05,0.4386439550021463,207.3065643310547,1,1.2456213235855103,1.596657156944275,-384.6602324789726,0.23219251638724783,0.1141156414496012,0.08080007840594478,0,0.7938177585601807,1780661317.088228,4.4896989321117555,0.15
1419.2878912351355,905000,0.12924540652304278,0.07584576106117089,219.359130859375,136,62.84113311767578,913090.0,0.15940988669772324,100.83104778797377,793.300631149053,1,326.21063232421875,26473.249020373,87.27268981933594,0.0,219.56484985351562,0.1658118509121087,0.08844081093614199,0.11019475386459,1.4021838475003534,0.010000000000000002,850000,NaN,0.05,0.43667937866279055,219.27166748046875,1,0.8812273740768433,1.2052228450775146,-625.9872600860825,0.24033143138703034,0.11063420542952966,0.07949579093149121,0,0.7491477727890015,1780661520.231183,4.501027589233554,0.15
1419.2878912351355,910000,0.13013827816779047,0.07479502468729891,221.86593627929688,137,72.87621307373047,918108.0,0.1557426260111465,55.28683693011319,996.6874329703444,1,327.18084716796875,26680.057917861,74.65282440185547,0.0,222.3363037109375,0.16165535613418783,0.08647267138204129,0.12141395120453,1.3916439438428754,0.010000000000000002,850000,NaN,0.05,0.4400617240370354,222.00987243652344,1,0.6322548389434814,1.311076283454895,-422.6004582647911,0.2292911913116656,0.11217695691265388,0.08405658102540672,0,0.5936918258666992,1780661727.0400765,4.430548098251109,0.15
1419.2878912351355,915000,0.1286777129059798,0.07262064350893009,217.78677368164062,138,52.02515411376953,923126.0,0.15601465118358832,33.202010294196434,976.5522956459648,1,323.3327941894531,26882.700903859,89.8229751586914,-220.29348754882812,217.6926727294922,0.15873309395173962,0.08307309961065103,0.12990649809642493,1.3847830540534145,0.010000000000000002,850000,3.4656097888946533,0.05,0.44247668300232196,217.76806640625,1,0.994766116142273,1.4268364906311035,-442.73559558917066,0.23355537025216583,0.10666876119464191,0.08676483169737777,0,0.48750633001327515,1780661929.6830778,4.4205193496158355,0.15
1419.2878912351355,920000,0.13278762609880165,0.07018656982606097,223.20797729492188,139,92.74791717529297,928145.0,0.1436512633330207,44.74985586263937,992.8023080705958,1,330.2130432128906,27087.570471044,47.02053451538086,0.0,222.87451171875,0.16108840732334773,0.08622382940903466,0.12643345424050326,1.3813232063610783,0.010000000000000002,850000,NaN,0.05,0.44391506492455235,223.04763793945312,1,0.6447811722755432,1.4082229137420654,-426.48558316453966,0.22629025085593882,0.11471497357368894,0.08227490005199384,0,0.8217386603355408,1780662134.552589,4.3701750893609805,0.15
1419.2878912351355,925000,0.12956002340991293,0.07414228525907239,221.77676391601562,140,110.26876068115234,933163.0,0.14725246039477413,184.82414626527373,1062.0047156247656,1,325.2387390136719,27289.858033283,70.00389862060547,0.0,221.738525390625,0.16100041466293208,0.08754775019856069,0.11896070420598427,1.3876458871056931,0.010000000000000002,850000,NaN,0.05,0.4427424339210625,220.47232055664062,1,1.8451248407363892,1.013101577758789,-357.2831756103699,0.2350062969579139,0.11112657647697959,0.08265595957247387,0,1.7171299457550049,1780662336.840227,4.403547047166722,0.15
1419.2878912351355,930000,0.13354742140962889,0.07760941303576978,218.359130859375,141,76.927978515625,938180.0,0.15208974938446324,151.87165089751016,802.9505957707091,1,329.6471252441406,27483.840416762,72.4986801147461,-222.34779357910156,218.41876220703125,0.16578173453023956,0.09263923870383649,0.11011840497123444,1.395154892061858,0.010000000000000002,850000,2.4393715858459473,0.05,0.4372436567879773,217.91683959960938,1,1.3779617547988892,1.4746849536895752,-616.3372954644263,0.22736091800170727,0.11593458068295494,0.07700829946956511,0,0.8052398562431335,1780662530.8223946,4.454030719621785,0.15
1567.0092067322216,935000,0.13432383935656145,0.07855777461671794,236.85194396972656,142,63.710182189941406,943197.0,0.16553958350997833,707.5527378376414,1567.0092067322216,1,328.70355224609375,27685.8798717,48.65773010253906,0.0,237.8685302734375,0.16463679212387905,0.09142757199500522,0.11121286038502298,1.4584736013529849,0.010000000000000002,935000,NaN,0.05,0.4151770190578209,237.71759033203125,1,0.6120927333831787,1.7492213249206543,0.0,0.22632615725918073,0.11132891804908007,0.08218609754590968,0,1.4146500825881958,1780662732.86196,4.683895675899231,0.15
1567.0092067322216,940000,0.1268915585031238,0.07629571736787877,224.589599609375,143,136.89259338378906,948213.0,0.15461142885901752,46.02735204747142,982.555668713145,1,329.2478942871094,27892.210385938,51.567012786865234,0.0,225.0030975341797,0.15822548889387947,0.08874218305758524,0.12944359221604043,1.3843423731087687,0.010000000000000002,935000,NaN,0.05,0.4413269565303328,224.2926025390625,1,1.0224112272262573,1.0747302770614624,-584.4535380190766,0.2224297838953255,0.11036242553697587,0.08760926101104251,0,1.1672179698944092,1780662939.192458,4.428051234415019,0.15
1567.0092067322216,945000,0.12853924946810888,0.07961442247486633,221.1669158935547,144,70.36150360107422,953231.0,0.16217602390364436,138.2665253316595,985.1748980537229,1,328.0253601074219,28095.025928004,47.734092712402344,-223.23553466796875,220.3839874267578,0.1525659683657729,0.09310818351481272,0.1158401721774236,1.3832822637557984,0.010000000000000002,935000,2.7158806324005127,0.05,0.4440424284520357,219.65093994140625,1,1.6280157566070557,1.608954668045044,-581.8343086784987,0.2318242607453595,0.11298611399660939,0.08552163929718992,0,2.037379264831543,1780663142.0080993,4.426614648155544,0.15
1567.0092067322216,950000,0.1293068551434097,0.08090389413514401,222.59556579589844,145,145.7138214111328,958247.0,0.1567729147128355,42.0686934169317,810.756556192639,1,326.78472900390625,28300.264042628,60.511688232421875,0.0,222.70404052734375,0.14680106009032268,0.09626282494726215,0.11578202387486394,1.356610859288131,0.010000000000000002,935000,NaN,0.05,0.4533853826153082,222.0215301513672,1,1.5130420923233032,2.076411724090576,-756.2526505395826,0.22996326848152127,0.11616469830777473,0.08481538607808134,0,2.3460450172424316,1780663347.2461982,4.333995624831902,0.15
1567.0092067322216,955000,0.12605242708376221,0.07679269999310681,228.3604278564453,146,85.8061752319336,963263.0,0.148541100465363,20.539656265149976,976.3983499174362,1,329.0174560546875,28503.718501712,85.7860107421875,0.0,228.08062744140625,0.1577774187114405,0.08439409796760153,0.12954248930708198,1.3803069086556072,0.010000000000000002,935000,NaN,0.05,0.44308490397219297,227.63897705078125,1,1.6954257488250732,1.5445663928985596,-590.6108568147854,0.2275671860522193,0.10709232042127242,0.0907813718790015,0,1.281728982925415,1780663550.7006226,4.404898721187269,0.15
1567.0092067322216,960000,0.12437243362034195,0.07839040559219189,229.36123657226562,147,113.37129974365234,968280.0,0.15355208838499307,14.24931345241761,977.2207709564689,1,330.58984375,28706.941214428,71.31188201904297,-231.44094848632812,229.63807678222656,0.1587346101640663,0.08745342743746107,0.1288565235244792,1.3866868358315676,0.010000000000000002,935000,5.420055389404297,0.05,0.4400405006863274,228.96249389648438,1,1.2172755002975464,1.2030746936798096,-589.7884357757528,0.2246713877942645,0.10717490359644814,0.09034631925455784,0,1.0998225212097168,1780663753.923389,4.454758997591463,0.15
1567.0092067322216,965000,0.12341827152291061,0.07899868017161808,227.91981506347656,148,306.1982421875,973297.0,0.15412433491315375,270.078968693321,1103.6478818551445,1,330.3014221191406,28910.62148787,76.10710144042969,0.0,226.778076171875,0.15163613159361305,0.08861866185681012,0.11989016360413506,1.3646701133923844,0.010000000000000002,935000,NaN,0.05,0.45371071998975865,225.1522216796875,1,2.5255379676818848,1.8394670486450195,-463.3613248770771,0.24239101984354208,0.10967887615592316,0.08536820575816785,0,2.9685065746307373,1780663957.6035936,4.370863990649161,0.15
1567.0092067322216,970000,0.12331271865023452,0.077185931580416,225.52867126464844,149,92.42759704589844,978314.0,0.16083947736110893,214.75735499412465,801.7955476538812,1,327.6644287109375,29111.401553899,87.61921691894531,0.0,225.7806396484375,0.15821925072518528,0.08899881866165116,0.11697550820431016,1.3487092348884364,0.010000000000000002,935000,NaN,0.05,0.45599151016747363,225.08767700195312,1,0.9688267111778259,1.2524752616882324,-765.2136590783405,0.24215445517424922,0.10799795985221863,0.08515536831691861,0,0.7949078679084778,1780664158.3837116,4.325992238130726,0.15
1567.0092067322216,975000,0.1254811762003783,0.07622448820786905,226.87538146972656,150,115.3182601928711,983331.0,0.1557441891068866,57.83428454136651,986.4989119474455,1,327.4570617675781,29313.795598589,62.30763244628906,-230.07289123535156,227.33126831054688,0.15534189162437634,0.08822292838108739,0.12404965015232584,1.357324978793216,0.010000000000000002,935000,2.9812183380126953,0.05,0.45125806427325177,226.43255615234375,1,1.6986830234527588,1.3522435426712036,-580.5102947847761,0.23335777593645673,0.11077474237758901,0.08654735815092321,0,1.7126481533050537,1780664360.7777874,4.35361239266234,0.15
1567.0092067322216,980000,0.12648133126043645,0.07320140679559528,225.33053588867188,151,108.38522338867188,988349.0,0.15068666272653122,20.17900193975608,989.8590409173139,1,327.4879455566406,29507.45169325,34.755550384521484,0.0,225.80987548828125,0.15623985268653884,0.08505201257284353,0.13085125904123746,1.3572089976914088,0.010000000000000002,935000,NaN,0.05,0.4518483365100733,224.9165802001953,1,1.442700743675232,1.3126742839813232,-577.1501658149077,0.23052942306175297,0.10830709228316021,0.08933763326240036,0,1.3478527069091797,1780664554.433818,4.339327234599458,0.15
1567.0092067322216,985000,0.11928697905073793,0.07293227068077529,222.7695770263672,152,69.98719787597656,993367.0,0.14370351522149324,94.41681696840492,858.5339247580235,1,329.4171447753906,29708.405553805,81.08740234375,0.0,222.76974487304688,0.1512554796047634,0.08564591512963975,0.12586554194886876,1.3478633641124378,0.010000000000000002,935000,NaN,0.05,0.4555115156927564,222.66165161132812,1,0.7071797847747803,1.2662851810455322,-708.4752819741981,0.2501267736947392,0.10772394457971113,0.08716310603754637,0,0.6877928972244263,1780664755.3878276,4.324562022217,0.15
1567.0092067322216,990000,0.12476669825202505,0.07338150971288539,239.65992736816406,153,66.01531982421875,998386.0,0.15274946344615975,77.49155119802187,970.160939611241,1,328.19207763671875,29908.219426462,80.36992645263672,-240.13946533203125,238.0475311279297,0.15271463815539105,0.08485942979012596,0.12382840697325587,1.3351691086609259,0.010000000000000002,935000,3.599020004272461,0.05,0.4619427195406365,239.34658813476562,1,1.8554235696792603,2.3524770736694336,-596.8482671209806,0.24571256600899946,0.10908962876563615,0.08564713268963649,0,0.7695857882499695,1780664955.201635,4.265234768643575,0.15
1567.0092067322216,995000,0.12668350026231112,0.07629939352066088,231.18577575683594,154,141.11656188964844,1003405.0,0.15749721768019592,81.81111406103581,901.6157156104352,1,334.0871276855469,30109.999761348,62.978694915771484,0.0,230.42677307128906,0.1546312986191758,0.08783630331106848,0.12251386464168111,1.355874412368674,0.010000000000000002,935000,NaN,0.05,0.4512322569212496,231.30899047851562,1,1.5791223049163818,2.2638514041900635,-665.3934911217864,0.23115970238124195,0.11271323291967783,0.08816271536832544,0,0.8112314939498901,1780665156.9820035,4.332214519809252,0.15
1567.0092067322216,1000000,0.12655584521835564,0.07643200082824923,233.38308715820312,155,56.831031799316406,1008424.0,0.1450966737026808,44.292058518127845,899.997167200681,1,332.2109680175781,30311.503815286,79.16768646240234,0.0,232.33377075195312,0.15265808543095993,0.08619971726371363,0.12045944540958128,1.3664852743351357,0.010000000000000002,935000,NaN,0.05,0.4458786749040718,232.67999267578125,1,1.7363395690917969,2.5334062576293945,-667.0120395315406,0.23510805147083727,0.11168223223558228,0.09090463276400826,0,1.4481126070022583,1780665358.4859984,4.3905984191158645,0.15
