setting,run_id,run_name,_step,eval/return,eval/return_std,attention/entropy_mean,attention/entropy_std,attention/max_weight_mean,attention/effective_context_mean,attention/lag_0,attention/lag_1,attention/lag_2,attention/lag_3,attention/lag_4,attention/lag_5,attention/lag_6,attention/lag_7
full,jx1lmi8i,rl_p3_attn_support_full_seed42,10000.0,8.03513562042545,0.2034135256180685,2.074652184682926,0.0008822576443946921,0.14701902842379846,7.961776749484395,0.13751728882223685,0.1253900517213087,0.1470190284237984,0.1051234864977387,0.12559271497062338,0.11862712504478605,0.12196323583850173,0.11876706868100623
full,jx1lmi8i,rl_p3_attn_support_full_seed42,20000.0,7.8988365483548195,0.1479352793431068,2.07467923255902,0.0007493996583669573,0.14695172666473705,7.961992101547802,0.13752203176713979,0.12545958443313113,0.1469517266647371,0.1051034356835485,0.12551351604787866,0.11839898401353206,0.12217444366145166,0.11887627772858111
full,jx1lmi8i,rl_p3_attn_support_full_seed42,30000.0,174.52610012952962,1.9439387298191106,1.886378113263953,0.11112732072306072,0.297596384518936,6.59543744169634,0.2728131096784337,0.18030026844374009,0.08653836498977222,0.08709063680695261,0.08257388319621659,0.07654673051786974,0.08009937835324508,0.13403762801376962
full,jx1lmi8i,rl_p3_attn_support_full_seed42,40000.0,218.47117930488412,4.063796555626126,1.713235999355298,0.15517776604241787,0.35975965022946516,5.546882173442789,0.35400259283352514,0.19388954438804792,0.08182433650959359,0.09028333106016323,0.05366855202941284,0.049158761734880214,0.09845428007704579,0.07871860136733137
full,jx1lmi8i,rl_p3_attn_support_full_seed42,50000.0,242.42973776630373,20.59038468677275,1.6344704102646652,0.15887439529811231,0.3855246557456317,5.126742207914597,0.3794535663428678,0.19973173972349048,0.08760026595117432,0.06252128613840695,0.04292060314232578,0.05555145667303066,0.0936762923756301,0.07854478965307393
full,jx1lmi8i,rl_p3_attn_support_full_seed42,60000.0,229.8285918955837,7.678150966708726,1.5591433171766675,0.1413215383328085,0.4159552500676713,4.7547461904817245,0.40621445388141375,0.23913321519780353,0.05285896246144385,0.06303032742079967,0.043596239077818975,0.04350642195152961,0.09222252851938868,0.05943785148980219
full,jx1lmi8i,rl_p3_attn_support_full_seed42,70000.0,238.58241069272793,22.762506777366628,1.5106129490880207,0.21352769720624837,0.4717828719822123,4.529506300361394,0.4649686345006272,0.1459508563560021,0.04531353836381588,0.08202022198252579,0.04875450584483297,0.04665544780429147,0.07866626037629487,0.08767053477160965
full,jx1lmi8i,rl_p3_attn_support_full_seed42,80000.0,331.6323396693459,15.456907508349834,1.5300393108550459,0.17586156579890957,0.4733317080763419,4.618358370347799,0.4718222498076175,0.1342764993247438,0.06460158170305716,0.04884490805394117,0.10300775654523797,0.04443170132899844,0.046261717358334245,0.08675358587806987
full,jx1lmi8i,rl_p3_attn_support_full_seed42,90000.0,351.2582434652498,51.43748355814293,1.4620800511583987,0.2111668525258539,0.509092271635344,4.3149254660220056,0.5081743817041537,0.13802004081105165,0.07303362777137655,0.06530960094173448,0.06288163029013641,0.04692605128069902,0.04239220047796781,0.06326246672288059
full,jx1lmi8i,rl_p3_attn_support_full_seed42,100000.0,566.5866250604568,86.37314301717079,1.5905058237835956,0.19121819217526448,0.4338495475366089,4.906229988600099,0.4314185094460255,0.15728126525616684,0.08896730100402057,0.08800473203186354,0.07212411330121987,0.057925124949063544,0.0400320403131799,0.06424691369846043
full,jx1lmi8i,rl_p3_attn_support_full_seed42,110000.0,329.973380371606,32.360516640450584,1.503596862571229,0.20977246047129366,0.493982175758879,4.497838115548611,0.48458205342213734,0.10451708954892125,0.0663370943772151,0.05287041432804286,0.07641898199174664,0.06032549981746841,0.07529301990325105,0.07965584661121697
full,jx1lmi8i,rl_p3_attn_support_full_seed42,120000.0,302.2162430886738,17.164477848056215,1.484847508049253,0.23484847447983564,0.5076139701732367,4.414292217420043,0.5038308411074814,0.11276137972441296,0.08377805882966845,0.05382833183815483,0.08491740797168976,0.04804394169496188,0.04554050036434783,0.06729953846928305
full,jx1lmi8i,rl_p3_attn_support_full_seed42,130000.0,348.47583548307716,23.13545759458551,1.5079295625093163,0.268962339423316,0.48108522262834597,4.517368176869126,0.47581059517044894,0.12226746537673003,0.05707092972753973,0.054484411710046796,0.07325917335753447,0.06703168551314026,0.08337970171999279,0.06669603742456673
full,jx1lmi8i,rl_p3_attn_support_full_seed42,140000.0,345.98773056970214,33.8317419738945,1.5565106038985377,0.23332653211712245,0.4550335376390836,4.742244770599763,0.4474584054260839,0.13792565121608194,0.04806026221275057,0.066202803720233,0.08827437092472006,0.056329827008515826,0.086258792711834,0.0694898867797811
full,jx1lmi8i,rl_p3_attn_support_full_seed42,150000.0,412.569061553453,28.471575164246723,1.538946412757386,0.22945380602819287,0.4615188861077642,4.659678306232668,0.44271332183260864,0.14612536482181665,0.05755022312560398,0.0646593674952224,0.08320772634688782,0.05997249737003842,0.07895379390960887,0.06681770509821308
full,jx1lmi8i,rl_p3_attn_support_full_seed42,160000.0,424.05159767605,45.07374188839067,1.5215291094282968,0.22148498203659808,0.47568665529678117,4.579221975854717,0.4627770958364577,0.13316483412028257,0.06725221132074818,0.06426384524477993,0.07217497362608435,0.06177555969544583,0.07341730050812036,0.06517417964808152
full,jx1lmi8i,rl_p3_attn_support_full_seed42,170000.0,438.06163279845896,131.4654491223308,1.6263928457666375,0.22124095716980016,0.42740950598932015,5.08549742004068,0.4110523801758172,0.1054266835582234,0.06254123326453694,0.0675502394288551,0.11710742441024109,0.056234086248499814,0.08276435602668751,0.09732359688713872
full,jx1lmi8i,rl_p3_attn_support_full_seed42,180000.0,355.59384741244344,7.5713835453258085,1.4895770842549663,0.2504056771523094,0.4837701411451944,4.4352193981949375,0.4682261932399452,0.13417194710494298,0.0477147220995127,0.06938636423609282,0.1094196605094062,0.04553600018197084,0.06131131356813269,0.06423379905999592
full,jx1lmi8i,rl_p3_attn_support_full_seed42,190000.0,351.9781185668018,34.64100064655376,1.5595826358927467,0.22170080288731783,0.4508574894359095,4.756835498375836,0.4438661082473922,0.14345754820109416,0.0491968082808464,0.06950523536549415,0.09523012604146386,0.05571369720790048,0.07948644861951931,0.06354402803628935
full,jx1lmi8i,rl_p3_attn_support_full_seed42,200000.0,338.29253002520335,27.271314018868285,1.5395913284809133,0.26102063549585336,0.4673234793086923,4.66268437526534,0.4654922080000365,0.15032091604774453,0.06145435562227233,0.06125670605951806,0.09314545456312673,0.040580767799193646,0.05882332614933386,0.06892626575877461
full,jx1lmi8i,rl_p3_attn_support_full_seed42,210000.0,542.6879041367213,68.37310161806691,1.595177287802349,0.19552349603701566,0.4446139107397989,4.929202882205219,0.4327872262875607,0.12271807723334278,0.07335020842306204,0.06095729892618569,0.07964841161985593,0.06479779839777286,0.09512722634495817,0.07061375276726176
full,jx1lmi8i,rl_p3_attn_support_full_seed42,220000.0,682.2090963126831,101.6632821834327,1.5842200034620537,0.2009066539386286,0.44393621210656586,4.875487032011289,0.41834622336885535,0.12894877956044376,0.07460713570705706,0.06674556171698161,0.10105844605079847,0.04794744562989035,0.07836658106027496,0.08397982690569816
full,jx1lmi8i,rl_p3_attn_support_full_seed42,230000.0,594.8186709711,20.196179854985502,1.5762875411157815,0.2205342050847655,0.4534964368770105,4.836965402392596,0.4245027486178147,0.12615131028751841,0.07374092747974259,0.07723226192709896,0.10450216485366538,0.04613499656428469,0.05560639098904453,0.09212919928083113
full,jx1lmi8i,rl_p3_attn_support_full_seed42,240000.0,976.089507866275,368.6581422759989,1.6220112833341978,0.23797601252680894,0.42038320076326996,5.0632637402930545,0.3853432308938499,0.16345740668275868,0.06638846929062184,0.07635594459450802,0.1077628513548287,0.04345772703768451,0.06581812152299267,0.09141624862275617
full,jx1lmi8i,rl_p3_attn_support_full_seed42,250000.0,759.4279729447132,418.32796563841794,1.5593263946158509,0.3400721457192401,0.4508494054315369,4.755616756926351,0.4213586719608462,0.1430770926490537,0.07839983897193235,0.07219667612881096,0.08279260181635716,0.047863046352038086,0.06033107508098123,0.0939809970399806
full,jx1lmi8i,rl_p3_attn_support_full_seed42,260000.0,605.1342122453093,309.21566038417546,1.5501257771458061,0.2665492342367999,0.4572348430612354,4.712062815131891,0.4263469537326391,0.1473444793291987,0.07502847110403081,0.05830392076124795,0.08558557617756633,0.0485618303729976,0.07087193259124058,0.08795683593107934
full,jx1lmi8i,rl_p3_attn_support_full_seed42,270000.0,835.7860598644845,115.90148883319208,1.5386203562066147,0.2211151917784185,0.4556142795425939,4.658159235261413,0.42311625975402256,0.16207166136466356,0.06130576165540496,0.049634982553348014,0.08702873306993697,0.04258410816594785,0.08783711302815113,0.08642138040852543
full,jx1lmi8i,rl_p3_attn_support_full_seed42,280000.0,3018.280344994768,91.26672430075716,1.48919919479955,0.29944587972801684,0.48652589915496175,4.433543692187658,0.46203634117484843,0.14296815842321015,0.07702101266920403,0.056809518443780974,0.06864063386101003,0.036659534850603,0.06725156611994004,0.08861323445740533
full,jx1lmi8i,rl_p3_attn_support_full_seed42,290000.0,2341.143444633699,624.2144082910696,1.4459398241069092,0.31708485299409794,0.5101417392399845,4.24584061165821,0.483460715137966,0.1506034184614652,0.062384115464827215,0.0630130881999412,0.06044973100128509,0.04416840377954556,0.047988978323666935,0.08793154963130163
full,jx1lmi8i,rl_p3_attn_support_full_seed42,300000.0,2735.584199407824,363.5146785716056,1.5329822100043498,0.2880949287220861,0.46628076389921524,4.631969751905057,0.44481308201524583,0.14476579239200138,0.07502317893938976,0.0651010274989254,0.06874807517128079,0.04222379999788193,0.0665035464160082,0.09282149756926728
full,jx1lmi8i,rl_p3_attn_support_full_seed42,310000.0,2978.1487922910082,246.00616236217292,1.4912867487162507,0.2982331500454194,0.47836739898117914,4.442808620841576,0.455154967739624,0.13608536197148868,0.06984764386913511,0.0613418111248081,0.06881963214130778,0.05349891334781178,0.06436240942693726,0.09088926037888768
full,jx1lmi8i,rl_p3_attn_support_full_seed42,320000.0,2509.4493686230335,725.0777038474786,1.5404727977135886,0.24127525681807066,0.45614799438681786,4.666796200041091,0.4354676920579101,0.14696724466604144,0.07343081088557063,0.05124905672148241,0.07469717549729737,0.05082937853973676,0.07301951854139692,0.09433912309056332
full,jx1lmi8i,rl_p3_attn_support_full_seed42,330000.0,2987.0718667059577,20.6818184318122,1.5022858015361547,0.24155858750691664,0.47731023428052083,4.491945039188764,0.44476672430714,0.1538674023617389,0.07581589526547886,0.05444095198316927,0.06496206539386146,0.055886090482274074,0.06332765785977025,0.08693321234656738
full,jx1lmi8i,rl_p3_attn_support_full_seed42,340000.0,1872.5565591078862,620.1563799003687,1.5361591858091768,0.2566886862840466,0.4595255239843341,4.646708808151102,0.43695271697361693,0.14654165366000305,0.07119821884156757,0.05319309522640093,0.06516855998341618,0.051061940192850507,0.070651840123895,0.10523197499824949
full,jx1lmi8i,rl_p3_attn_support_full_seed42,350000.0,856.3816482755883,14.497822980951149,1.5274031535975547,0.2254799421166089,0.46971373009490563,4.606199684557227,0.4617881877347547,0.13563577267970164,0.07321018287901232,0.03888319138314154,0.07230397567234276,0.049295022682306566,0.0861501972135336,0.08273346975520679
full,jx1lmi8i,rl_p3_attn_support_full_seed42,360000.0,2661.8346574539837,613.4069639736349,1.525264357542738,0.25441852201450554,0.45811828111731073,4.596358490748947,0.4313299657352649,0.15759863289382303,0.06794548200839108,0.05203331389718561,0.08333204010181793,0.03662547984578084,0.07516436115577467,0.09597072436196069
full,jx1lmi8i,rl_p3_attn_support_full_seed42,370000.0,2919.942755428621,20.55517997019922,1.4723651749638118,0.29386415069772126,0.48244350845440875,4.359534017651607,0.45154058267037217,0.16101894270884198,0.06548951608691489,0.04627236914798979,0.085675239642434,0.030408962331714917,0.05931191565185362,0.10028247175987905
full,jx1lmi8i,rl_p3_attn_support_full_seed42,380000.0,1705.8445759208826,714.5581892305964,1.5070272704018677,0.24920529374859862,0.47350251639504565,4.5132940295286,0.43977647589328905,0.15383746531325387,0.06846223881928203,0.05021719746091052,0.08132825820776121,0.03638377339788835,0.07357819539464557,0.09641639551297093
full,jx1lmi8i,rl_p3_attn_support_full_seed42,390000.0,2728.221234275558,566.0296312133155,1.4861723451028863,0.2716536567502575,0.4767151956642481,4.4201443109944885,0.4362161639935621,0.17552646767158467,0.05931103570586935,0.04425218256643561,0.09202995156394751,0.03391061450145424,0.06056497364057337,0.09818861035657367
full,jx1lmi8i,rl_p3_attn_support_full_seed42,400000.0,2988.4688176558207,14.514423278042836,1.4726840163867665,0.29319082943976665,0.4801674011830657,4.360924239299561,0.4436102329353361,0.13995849429022061,0.05872882509423637,0.04406011776559981,0.10487653056559129,0.03579407918900433,0.06675586656988884,0.10621585359012263
full,jx1lmi8i,rl_p3_attn_support_full_seed42,410000.0,2315.8767943151606,726.6305337374157,1.490224567932568,0.2581622465377068,0.47385424256582404,4.438092060262392,0.4375056953666912,0.1549792884428398,0.06979073462364149,0.04501998993607958,0.08585205646880979,0.04253266857905185,0.06219413528762001,0.10212543129526495
full,jx1lmi8i,rl_p3_attn_support_full_seed42,420000.0,1003.7177871551519,82.04534029812721,1.5264945821255318,0.22891895544863142,0.4672180549661698,4.602016523567534,0.4438154148345919,0.1458859592462277,0.06961902459437701,0.04722577081994661,0.08157960398997552,0.043818697230208994,0.06990830313392371,0.09814722615074904
full,jx1lmi8i,rl_p3_attn_support_full_seed42,430000.0,1244.7433123039223,110.77167382167991,1.48596329418752,0.22247719704391694,0.47912558020150375,4.419220372358698,0.4458169397741246,0.1665280354997032,0.07414361383215548,0.04098521279490558,0.07162061558451209,0.04117065385292288,0.06916247349428431,0.09057245516739244
full,jx1lmi8i,rl_p3_attn_support_full_seed42,440000.0,1035.809226820318,8.83474897393135,1.4972385763182787,0.22797020856152592,0.4747177770160025,4.469330299759441,0.4623512058454615,0.15277535378109053,0.07466662015898938,0.03725179413642462,0.06712168802811137,0.05318727059350701,0.07353034033162585,0.07911572712478926
full,jx1lmi8i,rl_p3_attn_support_full_seed42,450000.0,932.900053277583,19.684724724488213,1.5105402942772892,0.23627261376760203,0.4761861375869937,4.529177221893146,0.45710540934786426,0.14366790546829353,0.07141505145047859,0.04862889134583159,0.0631802577136955,0.04906853135955597,0.0717496695309352,0.09518428378334505
full,jx1lmi8i,rl_p3_attn_support_full_seed42,460000.0,1604.2812884763873,583.2413316979585,1.5466189835404378,0.19680261539194724,0.44723234628601527,4.69556752308041,0.4082683769649132,0.17202313324497248,0.06631408214250763,0.04594691237168886,0.08006908621146136,0.053856754500451944,0.06530409939185974,0.10821755517214454
full,jx1lmi8i,rl_p3_attn_support_full_seed42,470000.0,2727.8668379646047,764.7501683476288,1.5281275903105394,0.2577094655055107,0.45131443049222014,4.609537793694475,0.41707274898114866,0.16924307547904544,0.06449557219929802,0.0447368612994328,0.10272526653453558,0.0390433957240333,0.06672192739834958,0.09596115238415619
full,jx1lmi8i,rl_p3_attn_support_full_seed42,480000.0,1980.7247418309103,988.9845716648817,1.5388593109487068,0.21666487118659636,0.4483566659171779,4.659272457499668,0.4057783068494422,0.17406467993943553,0.06839899158934037,0.045725575528305716,0.08800300431813214,0.04394501817539039,0.06432356084467822,0.1097608627552747
full,jx1lmi8i,rl_p3_attn_support_full_seed42,490000.0,1969.2498741649852,963.6481003459099,1.5161457216835983,0.23945054735107532,0.45610669453419456,4.554636484382094,0.4263930779509734,0.1561860713613104,0.06860045705016637,0.0457744155952811,0.08159204061717741,0.03945466830257668,0.07111643683386473,0.1108828322886486
full,jx1lmi8i,rl_p3_attn_support_full_seed42,500000.0,949.5922425543442,48.52382502376613,1.5415817486575445,0.2169215056290074,0.45667308011517227,4.671974318701506,0.44231707186213587,0.15442252247183294,0.07449245590362863,0.0487700412406969,0.060960390378205,0.05113570080571656,0.0757319727691269,0.0921698445686563
full,jx1lmi8i,rl_p3_attn_support_full_seed42,510000.0,958.1415024711712,6.7103710399406635,1.537988992427962,0.22187913780063728,0.46009598166044224,4.655219170467944,0.4386434886805325,0.1514048108889369,0.06884529449821031,0.05235629401316357,0.07055442453784906,0.04729682210718309,0.07033354145718869,0.10056532381693596
full,jx1lmi8i,rl_p3_attn_support_full_seed42,520000.0,3077.203295288268,40.22984307248269,1.5129051766102115,0.25885315615896237,0.45310886378905296,4.539900868170873,0.41093000476622094,0.1725590424436671,0.0894852283601745,0.05148792228374321,0.08549963509736427,0.0318586799983515,0.049769196452145656,0.10841029059833238
full,jx1lmi8i,rl_p3_attn_support_full_seed42,530000.0,3166.2307620602733,14.165041806753491,1.5376258362819923,0.25943571574523244,0.45190776674085664,4.653528905948904,0.4169011601727262,0.1680845167654774,0.08701089141820513,0.051249062139905766,0.08948164782593056,0.032858951579629425,0.057519196531099326,0.09689457356702613
full,jx1lmi8i,rl_p3_attn_support_full_seed42,540000.0,2192.46046329559,829.4147717802927,1.5410903544395524,0.22956750951890487,0.4493415071652492,4.669679101509102,0.41680792590978805,0.16391173271131992,0.07131763752093438,0.05000921629612148,0.07988227251192781,0.04496626856270513,0.06393031959622526,0.10917462689097931
full,jx1lmi8i,rl_p3_attn_support_full_seed42,550000.0,3219.9759017472693,26.028764322329998,1.5363207487064339,0.2536176631907304,0.4470533876448426,4.6474596045376435,0.4122605786017375,0.17419366182665022,0.07123834552681378,0.04878994508663548,0.08914041761224221,0.035780117788485596,0.05958162826251939,0.10901530529491549
full,jx1lmi8i,rl_p3_attn_support_full_seed42,560000.0,1153.7218700574554,69.42294187446257,1.5283822903354218,0.21413127273768046,0.46368718068455667,4.610711992613125,0.45337559110856557,0.1357442048503024,0.07011853047931006,0.053027464897242145,0.06492355983337393,0.0517111675320846,0.08114573365266725,0.0899537476464539
full,jx1lmi8i,rl_p3_attn_support_full_seed42,570000.0,2971.187601714827,506.0613931615829,1.5341591113200121,0.21709773503220173,0.44928683370958716,4.6374243323220234,0.40818034285790433,0.17090447562865158,0.08549162709255247,0.0471498742439671,0.07994165088026191,0.03211342760745688,0.06603809074438458,0.11018051094482188
full,jx1lmi8i,rl_p3_attn_support_full_seed42,580000.0,1614.6412195912083,779.6508625420555,1.5383921672981524,0.2214463815467801,0.4480111776675967,4.657096416256441,0.42009088026476515,0.1637390231539909,0.07230577905688183,0.05044036346437964,0.07346753260140279,0.040936719553451434,0.06991852158765169,0.10910118031747605
full,jx1lmi8i,rl_p3_attn_support_full_seed42,590000.0,1001.4643491477813,82.71632212487384,1.526004519841027,0.20655416770906196,0.45800446426468316,4.599761801358949,0.446263760328229,0.1489885285143137,0.07252777941000065,0.052613211090150463,0.062806874403872,0.04252017297768808,0.09506287707859913,0.0792167961971464
full,jx1lmi8i,rl_p3_attn_support_full_seed42,600000.0,2760.6402685258417,726.5167215296258,1.548372418033066,0.2363888564264544,0.44445864950955477,4.703808115696179,0.4151954645610713,0.15978975898811018,0.07982663105275165,0.05309495101409878,0.08754016995702966,0.037015810314805164,0.06030797960734378,0.10722923450479144
full,jx1lmi8i,rl_p3_attn_support_full_seed42,610000.0,2937.575151628926,521.1237220931134,1.5322959237393041,0.25397119299929183,0.45411923678248817,4.628791985237751,0.41451415779430295,0.17650897413565572,0.08371142569173073,0.057072026146721355,0.08508966063153367,0.032324354438841116,0.05995387699959145,0.0908255241616245
full,jx1lmi8i,rl_p3_attn_support_full_seed42,620000.0,3217.6289813867693,29.64750152172429,1.5454496745333821,0.25556196730888264,0.44641832876852094,4.69008016251773,0.40759260125575186,0.17018419091446543,0.07333870448614822,0.05588690459149888,0.08604282891738187,0.03856052738204473,0.05848730269088388,0.10990693976182526
full,jx1lmi8i,rl_p3_attn_support_full_seed42,630000.0,2981.8598548080568,535.595471745709,1.5391139387854786,0.24177300363297402,0.45233677558279844,4.660458989022018,0.4182052852768082,0.15826887301119272,0.07889856558718933,0.05236830550017682,0.07846270653999048,0.04158180956120733,0.06487608963922094,0.10733836488421451
full,jx1lmi8i,rl_p3_attn_support_full_seed42,640000.0,1256.7036358150888,123.37956993821132,1.540392464267119,0.2181969946668424,0.45765778193607887,4.666421315276464,0.4415800766827087,0.1437871609220601,0.07967688429127842,0.055633303069164204,0.05737243403904804,0.052990775009752175,0.07792512304150574,0.09103424294448201
full,jx1lmi8i,rl_p3_attn_support_full_seed42,650000.0,3058.718042092883,357.96554784362695,1.5786479601367598,0.21575423648905756,0.43172520679869036,4.8483961529054085,0.3900512046117527,0.19095509458702883,0.07017103418049567,0.05231937040498674,0.09454014188692028,0.03867011247762058,0.06504730399712662,0.0982457378540678
full,jx1lmi8i,rl_p3_attn_support_full_seed42,660000.0,1512.1828272060002,217.30845693515587,1.5604419874910271,0.20972146977333483,0.44912418491497796,4.760925049493594,0.42402215793111514,0.16029613103546805,0.0832034190761886,0.05438972070984012,0.06645392376562616,0.0461970147728744,0.07602442455776852,0.08941320815111942
full,jx1lmi8i,rl_p3_attn_support_full_seed42,670000.0,1869.1154799274059,757.6363623196261,1.571761811963674,0.21284280054856308,0.44247075394950186,4.815124068324322,0.4161034821186098,0.15749069816141803,0.07329167377494208,0.05052565860882886,0.07672423842288872,0.04575893251979524,0.07725222004917714,0.10285309634433933
full,jx1lmi8i,rl_p3_attn_support_full_seed42,680000.0,1001.7830952219917,74.09279900937678,1.5606591282957458,0.19720372001205302,0.4506302372742489,4.761958952837287,0.44234250224144306,0.14270198954842292,0.07428673701423615,0.05374206962448913,0.06138763877477569,0.04634363770184938,0.09057813872508079,0.08861728636970329
full,jx1lmi8i,rl_p3_attn_support_full_seed42,690000.0,1611.4167140919828,792.5263905604497,1.5720619177584467,0.2148846899114906,0.4463202984498664,4.816569331814903,0.4158089597066829,0.1612373218731928,0.07975135945423452,0.05528084311943807,0.0747729953731213,0.04495790488973682,0.07462931111813102,0.0935613044654629
full,jx1lmi8i,rl_p3_attn_support_full_seed42,700000.0,2032.4821774167353,1038.1053775324806,1.5828569202482488,0.20560644086575156,0.4344587155016225,4.868845864738917,0.40522032493360666,0.1656599596815659,0.07916986384187573,0.05263201090772732,0.0815483231453851,0.04462723829736512,0.07198049896642109,0.09916178022605295
full,jx1lmi8i,rl_p3_attn_support_full_seed42,710000.0,1492.4592226020777,480.6157587164728,1.5582975520116444,0.22163879191046637,0.44967384309329433,4.750726491885426,0.4250299998073873,0.14678810804804693,0.07768119855732562,0.05800370949417548,0.0694829567549745,0.04827524797368608,0.08056259972855184,0.09417617963585244
full,jx1lmi8i,rl_p3_attn_support_full_seed42,720000.0,2276.439090364757,858.8824501807848,1.5497194890432626,0.23084853975561964,0.44397535904853974,4.710148748929158,0.4091229025193918,0.17044449434008271,0.07606690187115793,0.052177229006558516,0.08061894298059259,0.03692021522088159,0.06603899573055427,0.10861031833078094
full,jx1lmi8i,rl_p3_attn_support_full_seed42,730000.0,2034.7356922507868,644.701097921179,1.5432016000301896,0.21269510157260182,0.4487164797093346,4.679548355465403,0.4147894214322065,0.1714330948876405,0.07555220269087289,0.0502037788260889,0.07915332588721877,0.0380629585645446,0.06957804617446404,0.10122717153696466
full,jx1lmi8i,rl_p3_attn_support_full_seed42,740000.0,2932.5693839390724,695.3478878695055,1.539894281025682,0.24918747662508384,0.4460192430433284,4.664097161355045,0.41427630023833983,0.17142073285996992,0.07715975570067346,0.046920985724875915,0.08977501061011862,0.03516381202329952,0.06413079820524285,0.10115260463748091
full,jx1lmi8i,rl_p3_attn_support_full_seed42,750000.0,2925.8504843810633,406.4763429280882,1.53574854784275,0.2549654498235569,0.44589355975892564,4.644801084814168,0.4150040749488093,0.17234544858366155,0.07329641684324163,0.04707205647416534,0.08846872073187025,0.035644844861784604,0.061490363631344344,0.10667807392512405
full,jx1lmi8i,rl_p3_attn_support_full_seed42,760000.0,2396.741493839322,693.7446082277676,1.5444550684860388,0.23505860408318704,0.4515688491128836,4.685417699466896,0.4191976101466506,0.1630813719098636,0.0743067340836106,0.05140083069737582,0.08591543742674887,0.04176435319065734,0.06226390341812357,0.10206975912696997
full,jx1lmi8i,rl_p3_attn_support_full_seed42,770000.0,1851.1411702646533,648.964100635733,1.5373392940123405,0.22426127542579466,0.4583873910224509,4.652195664238478,0.4263198476815949,0.1591399107917277,0.08225771037776228,0.05078582955090794,0.08282034890567712,0.04130133724971529,0.061805149948576436,0.09556986549403734
full,jx1lmi8i,rl_p3_attn_support_full_seed42,780000.0,3112.512463230037,338.3729082835987,1.5509897934732089,0.2309643753313717,0.4431718059212624,4.716135873681071,0.4074001462526021,0.17459587427805745,0.07463705616549463,0.051283087545946245,0.09172983663275289,0.042742715739164494,0.06011954692513034,0.09749173646085225
full,jx1lmi8i,rl_p3_attn_support_full_seed42,790000.0,1901.2885956827454,655.6725957488466,1.5376587652347715,0.23787322905046845,0.45866556434500194,4.65368214430548,0.4265827841252008,0.15852994032369266,0.07552907376151557,0.05509598340049913,0.08045074308519626,0.04557260646366681,0.06306630570454728,0.09517256313568144
full,jx1lmi8i,rl_p3_attn_support_full_seed42,800000.0,3238.325367657262,13.849297615851508,1.556128091872797,0.24769228827419554,0.4422073942787891,4.740431151833611,0.39663251126769333,0.16026525817353762,0.07516746482935537,0.053851262267409016,0.10278144833206454,0.04542424933783839,0.05743335522270634,0.10844445056939453
full,jx1lmi8i,rl_p3_attn_support_full_seed42,810000.0,3183.895682997075,246.16301600855246,1.5661384200678117,0.21574765569481877,0.4353782662764681,4.788122729370459,0.39255961052670457,0.17153061012011325,0.07672895935993893,0.04901011950913646,0.09688400351554599,0.0403011821098311,0.06453069469399621,0.10845482016473347
full,jx1lmi8i,rl_p3_attn_support_full_seed42,820000.0,3118.227272667365,106.36886436273028,1.5797069406120854,0.22091207966844514,0.43455454481307304,4.853533229319714,0.3814558346454636,0.17006010160923615,0.0766921510611909,0.056417001885365914,0.1043981949128268,0.04389031651934788,0.053830074178812935,0.11325632518775594
full,jx1lmi8i,rl_p3_attn_support_full_seed42,830000.0,3035.5070378530727,317.4574685608424,1.594938567728338,0.2308170516973909,0.42320408957736766,4.9280263229681065,0.3802207114426105,0.17252650881057208,0.08121098931030289,0.05762834054573794,0.09356474636857302,0.04950253502555265,0.0629612344444441,0.10238493405220714
full,jx1lmi8i,rl_p3_attn_support_full_seed42,840000.0,2549.372069606428,798.1822803950106,1.5660580336415584,0.21949015582134487,0.43353543710741654,4.787737844765738,0.40075439843386035,0.16912505255803278,0.07951629816899129,0.05340766698966885,0.08381400249224605,0.040011623717043546,0.06275418502731846,0.11061677261283799
full,jx1lmi8i,rl_p3_attn_support_full_seed42,850000.0,1285.7363898051867,27.904004625837782,1.5529818778898883,0.21335834819780525,0.44681275208032256,4.725540178436447,0.4305051872311682,0.15260188449849416,0.08469814233658916,0.05400304397054045,0.06819053331006238,0.03777622310654097,0.07699050825908682,0.09523447728751822
full,jx1lmi8i,rl_p3_attn_support_full_seed42,860000.0,2632.417782686831,816.0732266494713,1.5503330541708689,0.24127526533384874,0.4416522659675883,4.713039618725095,0.4055366153563165,0.16754549939221022,0.08035262994155004,0.05104884923072023,0.0894289601641568,0.04265336258914149,0.06007595509758429,0.10335812822831902
full,jx1lmi8i,rl_p3_attn_support_full_seed42,870000.0,2257.449771101753,570.5161444487643,1.5450591631014863,0.23063703751214437,0.440467398434097,4.6882489901678985,0.41820380221042924,0.16950945692531327,0.07663288505241328,0.049361257780623474,0.07726549918571353,0.04265643138901109,0.06391576181345428,0.1024549056430404
full,jx1lmi8i,rl_p3_attn_support_full_seed42,880000.0,2749.744718527835,752.6552263576726,1.579461066099071,0.20995042619718116,0.43414443220453086,4.852340015896952,0.3872789640873302,0.17797655482896868,0.07519463947979188,0.05288440139965821,0.09608076523544978,0.044557369544997075,0.06408529693183587,0.10194200849196818
full,jx1lmi8i,rl_p3_attn_support_full_seed42,890000.0,1064.450187968102,65.29208458869535,1.5198398213976416,0.19547264782922671,0.4611590291162792,4.571492881152815,0.45004627597728986,0.1556037037093675,0.07327781365755819,0.05806996450896853,0.061391378451302166,0.036331701147824934,0.08073458332292413,0.08454457922476431
full,jx1lmi8i,rl_p3_attn_support_full_seed42,900000.0,1970.935387932229,727.5583329378679,1.5489628178767267,0.23337735138513055,0.44298170201384074,4.7065860632415015,0.4136305509917584,0.1818958289109101,0.0766996492824344,0.053188139757759476,0.06959751639445003,0.0440392032480849,0.06302591943268084,0.09792319198192287
full,jx1lmi8i,rl_p3_attn_support_full_seed42,910000.0,3290.764845150346,28.273025323134778,1.562428695071488,0.20380772141836886,0.4306520584754766,4.770393017306966,0.389418893961264,0.17892189162411656,0.07747106377595266,0.04507838837774574,0.09272844831263011,0.03962556586233046,0.061533546197532846,0.11522220188842684
full,jx1lmi8i,rl_p3_attn_support_full_seed42,920000.0,1833.6133786360729,833.3776658448771,1.5382209709694328,0.21551333807835404,0.44594901406231435,4.656299206689107,0.42610013311512135,0.17084027911849078,0.0763170489563312,0.05679437712064503,0.06105505982208807,0.038496509365525136,0.07237786896261726,0.09801872353918138
full,jx1lmi8i,rl_p3_attn_support_full_seed42,930000.0,3278.5760484733764,16.337877244334244,1.5636593299556225,0.2148084877994946,0.4349581124780063,4.776267243137349,0.3908817421337128,0.18917995840648066,0.08144227493740142,0.04818117206941477,0.09439123834801384,0.03604515604761365,0.058429449411584684,0.10144900864577745
full,jx1lmi8i,rl_p3_attn_support_full_seed42,940000.0,2261.310452656565,976.2153243447538,1.5603609571136403,0.19836135028848212,0.43689737415952207,4.760539285569633,0.41202358441725423,0.1749727752592275,0.08012101243984522,0.04867371117396427,0.07574908631800538,0.036827860254858215,0.06923445007342717,0.10239752006341823
full,jx1lmi8i,rl_p3_attn_support_full_seed42,950000.0,3015.7110619541863,747.9743217073138,1.573825001899309,0.20792393472823484,0.43384382974135444,4.825068839288903,0.39819119456783997,0.18127695490024223,0.07847710330683208,0.049900952779748736,0.08393493205374074,0.03914979740833786,0.06270059951853496,0.10636846546472495
full,jx1lmi8i,rl_p3_attn_support_full_seed42,960000.0,3347.396192375067,46.189404111671145,1.5658187901871057,0.22452649590772272,0.4315310113113449,4.786592546832723,0.40248646572314045,0.17603057294566368,0.07361575953886125,0.05047498414300129,0.0915896286104219,0.03821648240766128,0.05917868884013051,0.10840741779111908
full,jx1lmi8i,rl_p3_attn_support_full_seed42,970000.0,3364.962234899792,28.12033604260496,1.5582994072802085,0.22810442924126487,0.43883568638251125,4.750735305767119,0.3985794786929277,0.18023950608234743,0.07411301521857512,0.043980982723626195,0.09689300606304968,0.038693580583055845,0.059205722986438704,0.10829470764997905
full,jx1lmi8i,rl_p3_attn_support_full_seed42,980000.0,3255.779194971841,20.10410257154501,1.5342726924906964,0.2564925905829469,0.4510082079328762,4.63795108632075,0.41429324245272026,0.16921523073664224,0.07302229201749215,0.0462718337404248,0.09345472201787794,0.03915112099882972,0.056858306636527495,0.10773325139948584
full,jx1lmi8i,rl_p3_attn_support_full_seed42,990000.0,3389.98121203438,58.33002789675428,1.5585162278169498,0.22841568273973129,0.4374757356865263,4.7517654744228555,0.4082627425584027,0.16526361723921992,0.07938757495441356,0.04715155179339662,0.0877324703886446,0.03795358039298687,0.06293531198184903,0.11131315069108706
full,jx1lmi8i,rl_p3_attn_support_full_seed42,1000000.0,1397.5600895246585,159.41711905806582,1.530953783555488,0.21162562621748118,0.45981550236745455,4.622583664662038,0.45070728770608653,0.14315021463249228,0.07680501284996243,0.05402015203712153,0.058895791481958296,0.03959839444324777,0.08092729535638295,0.09589585149274828
hidden,lap7edb6,rl_p3_attn_support_hidden_seed42,10000.0,7.757621861612142,0.1876843668193263,2.076060319484324,0.00033963459719336985,0.13835324652875158,7.972995901591751,0.13447960245067273,0.10389887627034274,0.12668113051436056,0.12847137836149697,0.11835551459716871,0.12962957110144158,0.12131889371407521,0.13716503299044164
hidden,lap7edb6,rl_p3_attn_support_hidden_seed42,20000.0,7.616847363665769,0.18447372986807797,2.0760582600316897,0.00034395871053521064,0.1383650398424139,7.9729794816012465,0.13442073056883386,0.10389029475087833,0.1266513424474166,0.12845998872432352,0.11835537734547528,0.1296554611163096,0.12135763703746717,0.13720916800929583
hidden,lap7edb6,rl_p3_attn_support_hidden_seed42,30000.0,49.470968449611156,0.8632731761409389,1.908869167770952,0.07316046277798921,0.24753237344961304,6.745456504307765,0.14967909212602792,0.21131805064171566,0.148915303069883,0.08768885401728174,0.1607095926419893,0.08358339516076427,0.06595621645512251,0.09214949588721587
hidden,lap7edb6,rl_p3_attn_support_hidden_seed42,40000.0,112.98459898801536,2.4142243979697824,0.8916648427052197,0.33356489836318265,0.7317059878070682,2.439187135725593,0.7317059878070682,0.020354129597959097,0.10012280790572026,0.0709189141430267,0.01392367892961717,0.01287659921101475,0.012269269603167033,0.0378286128024267
hidden,lap7edb6,rl_p3_attn_support_hidden_seed42,50000.0,180.05742094553202,83.39279294019038,0.9918826086799921,0.2215238897031657,0.7219638902681591,2.6963057858784167,0.7219638902681595,0.018489271440618314,0.08136874771347004,0.07385527856065585,0.02041691580256847,0.002859828362508317,0.055890999304387304,0.025155068547632768
hidden,lap7edb6,rl_p3_attn_support_hidden_seed42,60000.0,332.3870893996697,108.28439471976432,0.9157013609324388,0.2596664810990127,0.7148503841486641,2.4985270067580543,0.7148503841486648,0.024392567777479585,0.14172665409405386,0.011196561471808305,0.016973804769935603,0.017457839415879545,0.01356322658448749,0.059838961737691466
hidden,lap7edb6,rl_p3_attn_support_hidden_seed42,70000.0,134.3810176738979,44.08877753922099,0.8626634827376817,0.38008079778382764,0.7055782147622275,2.3694633211635896,0.7055782147622279,0.011994619285673212,0.15247991929507507,0.009256367988357255,0.00689368426934118,0.022487078705729937,0.011755044062052616,0.07955507163154316
hidden,lap7edb6,rl_p3_attn_support_hidden_seed42,80000.0,69.6740197226952,9.844975155255224,1.2394989519604636,0.2704565865104746,0.5926013770344067,3.4538824701027147,0.5902297780983972,0.02626641949466392,0.1347753713804683,0.019594044324805368,0.025361913386082586,0.027817591904524805,0.04432113892730339,0.1316337424837546
hidden,lap7edb6,rl_p3_attn_support_hidden_seed42,90000.0,993.2156110992752,0.8778667158224172,1.278719513878566,0.01582376300144149,0.5429093852183123,3.59203722566439,0.5429093852183099,0.021175945008003478,0.14995971373869685,0.02073121411579055,0.009163709472708073,0.003338968766090486,0.029788922383184802,0.22293214129721423
hidden,lap7edb6,rl_p3_attn_support_hidden_seed42,100000.0,139.19127030181193,41.71728795980294,1.094381767523982,0.31585738565124105,0.6468998428330849,2.987335244713876,0.6444239721701157,0.07182921606233642,0.09593043034450492,0.008497938977191578,0.006041605829910199,0.01794457631680786,0.07313154760611267,0.08220071269302004
hidden,lap7edb6,rl_p3_attn_support_hidden_seed42,110000.0,210.16301217331556,47.6715358885511,0.9280756043568787,0.27069973027384564,0.7144781210859531,2.529636469212167,0.7144781210859533,0.03780545461309171,0.11405578279988529,0.00974687362866112,0.011860404540729121,0.010804041899779541,0.016641663756682377,0.08460765767521755
hidden,lap7edb6,rl_p3_attn_support_hidden_seed42,120000.0,268.25591929402003,111.10656304357104,1.0500107312588443,0.36553657661042077,0.6430747966420807,2.8576817844215423,0.6430747966420806,0.0294635912644038,0.10680114194102287,0.014732073632227935,0.01064834244993631,0.05002831583114059,0.025853357080532036,0.11939838115865604
hidden,lap7edb6,rl_p3_attn_support_hidden_seed42,130000.0,172.4776731086964,68.43688370183823,0.8303475904271259,0.30202286335701434,0.7521822953614083,2.294116014459059,0.7521822953614083,0.027562852368356823,0.08341621485828729,0.007708514250879531,0.013020684869098015,0.023246631134636177,0.012834370117003465,0.08002843704033032
hidden,lap7edb6,rl_p3_attn_support_hidden_seed42,140000.0,185.99164291918655,76.86958888210448,1.0435259831890817,0.28197517414541284,0.6759845696618942,2.839210393872921,0.6759845696618945,0.03681812680025846,0.0919037610137222,0.011928078459255536,0.009735922362418579,0.01929805777921114,0.05224327230142953,0.10208821162181027
hidden,lap7edb6,rl_p3_attn_support_hidden_seed42,150000.0,274.22636899987094,61.64556128384052,0.8977361133997815,0.2638749129695254,0.7260131803686478,2.4540411468355017,0.7260131803686477,0.010630277204750753,0.10678457709565635,0.01172316387837013,0.014193981687048714,0.02530164895243343,0.020077338268821056,0.08527583254427179
hidden,lap7edb6,rl_p3_attn_support_hidden_seed42,160000.0,243.50927492637447,96.59049962287801,0.8824051567099248,0.28179121363769766,0.7451625203736272,2.4167052768777677,0.7451625203736277,0.011423549344800768,0.07848272726050326,0.015689803128970038,0.017698539470627803,0.026302450315546386,0.035452712948609376,0.06978769715731524
hidden,lap7edb6,rl_p3_attn_support_hidden_seed42,170000.0,238.06774872500313,39.57125861205593,0.919865314111068,0.28023484174954205,0.7266735192470545,2.508952446688145,0.726673519247055,0.010723914548053746,0.09603308113156671,0.008742687197666691,0.011851318526634864,0.026377818391110197,0.04360503528971748,0.0759926256681958
hidden,lap7edb6,rl_p3_attn_support_hidden_seed42,180000.0,190.82147630099456,37.491119777306814,0.9609085378995851,0.2566692644738908,0.7101908900938859,2.614070376878772,0.7101908900938857,0.022688862455307157,0.09324599740162753,0.008065050629349002,0.01541894521731667,0.02212371073997319,0.030498106053518922,0.09776843740902166
hidden,lap7edb6,rl_p3_attn_support_hidden_seed42,190000.0,241.5939373081802,75.74494097091015,1.0298500457582396,0.26906713756593137,0.6787391790092021,2.8006458344869096,0.6787391790092023,0.026159813422641214,0.10864932265483211,0.008307030761142845,0.018360385358035296,0.02144640856801436,0.027314273452902986,0.11102358677322911
hidden,lap7edb6,rl_p3_attn_support_hidden_seed42,200000.0,214.0654338807773,44.07387119214267,1.0652019207805863,0.2806901516506308,0.6746443633134948,2.901424782872137,0.674644363313495,0.03556819014708345,0.09167974001489365,0.01239363140873958,0.020358161167364552,0.0405767634216746,0.03553805303157007,0.08924109749517915
hidden,lap7edb6,rl_p3_attn_support_hidden_seed42,210000.0,179.96764077500546,29.52861114894016,1.0212502458170833,0.2731012340341574,0.6762765787491817,2.7766641074320657,0.6762057930551614,0.01926071675222227,0.09623308522994853,0.0064837525668825485,0.013066470389238175,0.03771451659172408,0.029528198456181536,0.12150746695864216
hidden,lap7edb6,rl_p3_attn_support_hidden_seed42,220000.0,432.4779634031919,128.92118949420697,0.8966319582675426,0.20683229027708835,0.7020262898250319,2.4513330000906994,0.7020262898250323,0.02114863905565035,0.13406409594789062,0.004061740536775602,0.008035169165430081,0.01298710621295789,0.014908703501806621,0.10276825575445671
hidden,lap7edb6,rl_p3_attn_support_hidden_seed42,230000.0,260.3071713167486,42.62865956050719,0.9464504212773955,0.22236787061622804,0.6958559582122122,2.5765477494061715,0.6958559582122129,0.02127788757458031,0.12680040449398122,0.0037890225051388166,0.011594080623231022,0.014670376036296517,0.029733261451241208,0.09627900910331857
hidden,lap7edb6,rl_p3_attn_support_hidden_seed42,240000.0,713.9866296452881,334.248981993025,0.9064151083239743,0.1009147580923393,0.7515897209883724,2.47543245072685,0.7515897209883732,0.013556517550893474,0.03596748047662545,0.0043482419300842744,0.005646444854902264,0.0251348611473379,0.040540772882703725,0.12321596016908054
hidden,lap7edb6,rl_p3_attn_support_hidden_seed42,250000.0,264.30580435044584,113.09038613538567,0.7635555291562993,0.2768557413035898,0.7713404118695345,2.145892455792777,0.7713404118695345,0.03665566677370375,0.0655838358886026,0.0061653192393611896,0.009476998402510716,0.018645507782833682,0.013458439454174558,0.07867382058927892
hidden,lap7edb6,rl_p3_attn_support_hidden_seed42,260000.0,209.8653575200804,49.17094147414074,0.8098144649392395,0.27852568741030437,0.7512077608122563,2.2474909596193458,0.7512077608122565,0.036454417877085143,0.08160505154050367,0.004620135175957168,0.010213783729465077,0.013685898813350047,0.016276602766828158,0.08593634928455449
hidden,lap7edb6,rl_p3_attn_support_hidden_seed42,270000.0,295.1806890046925,104.9792086432604,0.6738655266858207,0.31668807057152343,0.8123532220079271,1.9618060963770154,0.8123532220079261,0.03487584100547375,0.06040695593704633,0.005194883535537281,0.010873311962355485,0.01604766641904295,0.011840226037669736,0.048407893094947294
hidden,lap7edb6,rl_p3_attn_support_hidden_seed42,280000.0,288.65080817499154,89.05228046059428,0.7064452470271656,0.3081871500275477,0.7948246286028517,2.026773757989504,0.7948246286028526,0.030541592213572805,0.07284599320713572,0.004601430820378492,0.012826095341372664,0.006422229113340503,0.013996580147066999,0.06394145055428131
hidden,lap7edb6,rl_p3_attn_support_hidden_seed42,290000.0,326.87103678385046,126.8448094034959,0.8147802023987127,0.29488459300198505,0.7553218988965373,2.258679165523536,0.7553218988965383,0.027669892923825646,0.08727812084503554,0.007660196478446836,0.011907359123224824,0.018137633020965688,0.01597754488065513,0.07604735383130881
hidden,lap7edb6,rl_p3_attn_support_hidden_seed42,300000.0,250.59755094123884,105.01778904785539,0.8248308929177578,0.30024640747834097,0.7526596551399538,2.2814949157569213,0.7526596551399534,0.020035228574221426,0.08545899372113695,0.005062797919702594,0.01332087898074867,0.01635394650360862,0.02159631907239519,0.08551218008823291
hidden,lap7edb6,rl_p3_attn_support_hidden_seed42,310000.0,144.95170070363983,67.66013722176487,0.8294371316577359,0.32084434941008355,0.7566321994096082,2.2920282669639214,0.7566321994096081,0.0289336565325686,0.07844404430314131,0.009237889449792966,0.01598460628482219,0.01619301886177528,0.01893211186972619,0.07564247328856542
hidden,lap7edb6,rl_p3_attn_support_hidden_seed42,320000.0,201.2930109328904,101.96389475025833,0.8927794801827447,0.3215878509401923,0.7286565814538362,2.4419074609283324,0.7286565814538354,0.0303882664819647,0.08627640872808928,0.009798192150187176,0.01334471937679288,0.017480420175149874,0.023694650729474624,0.09036076090450522
hidden,lap7edb6,rl_p3_attn_support_hidden_seed42,330000.0,313.67268959164596,156.33870327754067,0.8697856694580348,0.313208974784125,0.7361514453780577,2.386399320447957,0.7361514453780567,0.03152410578770073,0.1003177848105801,0.007205622598664524,0.013283210930561201,0.01888559055088632,0.02443888329083058,0.068193356652719
hidden,lap7edb6,rl_p3_attn_support_hidden_seed42,340000.0,295.24553141320735,54.248407690190156,0.8639092774155452,0.3352898627551724,0.7302349295566217,2.3724170254310026,0.7302349295566216,0.021898756749259656,0.11406711189227998,0.006232259657717219,0.013866297635667194,0.018973996676900827,0.02605160016767628,0.06867504766387719
hidden,lap7edb6,rl_p3_attn_support_hidden_seed42,350000.0,229.19604085544825,40.14030375509913,0.935989963480573,0.28791548921066545,0.7062854405106773,2.54973635462124,0.7062854405106784,0.02918543845083245,0.1255469368557147,0.007585275821531484,0.016290420039988773,0.01722614076405451,0.022585604891209633,0.07529474266599115
hidden,lap7edb6,rl_p3_attn_support_hidden_seed42,360000.0,349.81027549761046,115.98313159051426,0.9878861593335656,0.30635885624098014,0.6884852667611929,2.6855516398959307,0.6884852667611933,0.03262751865471575,0.11882528582111715,0.009581071770536163,0.015717238095947893,0.018078058200163807,0.030309601754434614,0.08637595894189172
hidden,lap7edb6,rl_p3_attn_support_hidden_seed42,370000.0,239.56428447445268,111.20322464502316,0.8418976089961684,0.3167182371753743,0.7443486801118325,2.3207667087598938,0.7443486801118328,0.02208104413425437,0.09439777675867697,0.0076524195030543505,0.02024149310279806,0.018114567529316526,0.019759450478786418,0.07340456838128075
hidden,lap7edb6,rl_p3_attn_support_hidden_seed42,380000.0,442.95720875091666,157.24558356408733,0.8760166692329002,0.3460723524865449,0.7313929228764928,2.4013153968506247,0.7313929228764919,0.03539398460688396,0.08427882394871802,0.007890217671267907,0.023183462235597165,0.015214074765187715,0.024409733289073778,0.07823678060677866
hidden,lap7edb6,rl_p3_attn_support_hidden_seed42,390000.0,334.2369058097803,140.4032704457414,0.8711777287533266,0.3437821180706987,0.7372109533074162,2.389723643094554,0.7372109533074168,0.03114907234896582,0.09054512507673676,0.008943180532440925,0.022919067937782964,0.02005784755977329,0.022324578051705003,0.06685017518517902
hidden,lap7edb6,rl_p3_attn_support_hidden_seed42,400000.0,193.2001011566735,71.99383033851846,0.8296961962117065,0.3025018606537815,0.7622569611451595,2.2926221271653335,0.7622569611451592,0.024781982350024653,0.07353187941144944,0.00909813151394348,0.023515937148932253,0.021128259383138302,0.024658510432135003,0.06102833861521723
hidden,lap7edb6,rl_p3_attn_support_hidden_seed42,410000.0,329.8582007238187,99.1037121573078,0.9660487375092287,0.4120534078768329,0.7085374671332703,2.6275418136852373,0.7085374671332705,0.03695085279894524,0.08762330166109285,0.012365594046650687,0.025704587397605713,0.019878360020295468,0.03434042325088314,0.07459941369125653
hidden,lap7edb6,rl_p3_attn_support_hidden_seed42,420000.0,229.87875588428,95.31923433968446,0.9285968503901307,0.37050858130954284,0.7214681079017926,2.5309553758948895,0.7214681079017932,0.03713802202656534,0.08184373832580814,0.010198662408747238,0.01771562310781706,0.02136777298148919,0.03612239460696738,0.0741456786408129
hidden,lap7edb6,rl_p3_attn_support_hidden_seed42,430000.0,179.1874349217527,96.89338980699453,0.8574272775447366,0.34188352469766875,0.7411787308253909,2.35708875118427,0.741178730825391,0.024158535004534985,0.0966822369978977,0.009264207608811496,0.018172519441952174,0.015195457654472005,0.03254609354427899,0.06280221892266184
hidden,lap7edb6,rl_p3_attn_support_hidden_seed42,440000.0,391.3766687420938,236.13452359994147,0.9639740980954582,0.3063514116904179,0.7127430754010642,2.622096262607879,0.712743075401064,0.029533398101727126,0.09913075323316316,0.010103562394985785,0.022902886670413285,0.01601243942071955,0.037963928090603984,0.0716099566873227
hidden,lap7edb6,rl_p3_attn_support_hidden_seed42,450000.0,234.02584340569405,78.17548762931175,0.9383436033122511,0.3313886840552967,0.7189960760100392,2.555744583495544,0.7189960760100391,0.03268396676096694,0.09569636080205846,0.008914768950123855,0.019625046473948974,0.01724736331979282,0.03773926800334678,0.06909714967972284
hidden,lap7edb6,rl_p3_attn_support_hidden_seed42,460000.0,351.17965572013924,105.77941315597357,0.9739798975264102,0.35621918669145075,0.7091183975506538,2.64846412769816,0.7091183975506545,0.03056425601493412,0.08907776674099444,0.01206985786393875,0.021936955558909125,0.02097757781297375,0.04592246527427365,0.07033272318332227
hidden,lap7edb6,rl_p3_attn_support_hidden_seed42,470000.0,183.10407272752303,71.41631958176089,0.9077581061495124,0.3460615411674131,0.7370698534427926,2.47875918452355,0.7370698534427922,0.04342192174454695,0.07353168431227354,0.009541684702897906,0.01564403230636409,0.019905545825480292,0.03566980300119007,0.06521547466445449
hidden,lap7edb6,rl_p3_attn_support_hidden_seed42,480000.0,287.84783672389347,136.68670429021483,0.9741525760371343,0.35762832649750415,0.7066547953516736,2.648921500027487,0.706654795351673,0.03040043212140175,0.09416678528263338,0.01081427532346552,0.022142159689609444,0.024581552464161164,0.039121052121336194,0.07211894764571895
hidden,lap7edb6,rl_p3_attn_support_hidden_seed42,490000.0,251.20050620884348,70.77985580383553,0.9840050324508456,0.33302979317125453,0.7077483882441906,2.6751488735177165,0.707748388244191,0.02781050015706412,0.08282750250201784,0.011036545518987978,0.024018802450395393,0.022236332194965132,0.0464271660198246,0.07789476291255422
hidden,lap7edb6,rl_p3_attn_support_hidden_seed42,500000.0,254.62714011663115,115.68612364461924,0.958954633392011,0.3164370099236989,0.7226860236645696,2.6089677196621266,0.7226860236645696,0.01726590360870373,0.08441792277344107,0.011950682265918186,0.026640269240635332,0.024366062642440352,0.0452839994307507,0.06738913637354109
hidden,lap7edb6,rl_p3_attn_support_hidden_seed42,510000.0,267.9298635486389,68.2233565101475,0.9313921968537708,0.3819208281040185,0.7312311442857511,2.538040170669178,0.7312311442857518,0.03222046561445907,0.06725918217000575,0.017007253698907904,0.02726162294240826,0.026445719664501908,0.037985379775592416,0.060589231848373615
hidden,lap7edb6,rl_p3_attn_support_hidden_seed42,520000.0,252.7896608695231,97.89725516687211,0.9790714177150968,0.36124862860746615,0.7114664372280788,2.66198322344254,0.7114664372280795,0.032815447023399495,0.0930797052657739,0.019050869548216613,0.02954923923102477,0.02644388689786068,0.033904709162869924,0.053689705642775754
hidden,lap7edb6,rl_p3_attn_support_hidden_seed42,530000.0,244.7080217254159,69.40373993783383,0.9784769360002539,0.4013925199981772,0.709180663055769,2.6604011933815483,0.7091806630557688,0.04317157660768119,0.07399423867133573,0.01890263715263879,0.02758311914815132,0.02454577606558607,0.047397526496785455,0.05522446280205242
hidden,lap7edb6,rl_p3_attn_support_hidden_seed42,540000.0,236.1508355292176,80.09047838464252,0.9467203897925685,0.3387838495928512,0.7240775267373667,2.5772434300780644,0.7240775267373681,0.036452345250588686,0.07679668132508605,0.01571863444765836,0.022993208372542956,0.02661571383880174,0.03786524173071405,0.059480648297241506
hidden,lap7edb6,rl_p3_attn_support_hidden_seed42,550000.0,241.55403153764013,117.59563010116223,0.9444103734688348,0.37654384300512034,0.7199921757667139,2.571296826704124,0.719992175766714,0.031606516962522396,0.08302059230455457,0.016961942673992845,0.023269401422515254,0.022485586141830452,0.04460383221718652,0.05805995251068401
hidden,lap7edb6,rl_p3_attn_support_hidden_seed42,560000.0,339.9030785866019,43.18077159044875,0.9626995215414885,0.336806875290982,0.720749102020552,2.6187563291419074,0.7207491020205522,0.03376945608320103,0.09455125213866922,0.02083012727512469,0.03096510288160947,0.024311360393487275,0.028972160196321855,0.045851439011034334
hidden,lap7edb6,rl_p3_attn_support_hidden_seed42,570000.0,275.7152169684483,22.613595544692192,0.9765739132251906,0.34047015766308847,0.7158947606182527,2.655343203581088,0.7158947606182516,0.03507179865814853,0.07231522565473207,0.024604985499181182,0.04143833319525835,0.024900355280488597,0.02855104588783028,0.057223495206108255
hidden,lap7edb6,rl_p3_attn_support_hidden_seed42,580000.0,286.88230590497994,74.9860521669098,0.9875664478173942,0.34950183697506865,0.7158286460674713,2.684693175347197,0.7158286460674707,0.03464819263176003,0.08376705744207055,0.018714142901228956,0.036681394632535065,0.030441573909252347,0.030511287413469503,0.04940770500221234
hidden,lap7edb6,rl_p3_attn_support_hidden_seed42,590000.0,275.38951369557714,40.717749995211165,0.9932145471841892,0.3871646604918462,0.7045887325986037,2.6998994921403012,0.7045887325986048,0.032434282316726515,0.08751034045735463,0.018543889261023613,0.03113888056836296,0.028325022535298356,0.038681654793315076,0.0587771974693151
hidden,lap7edb6,rl_p3_attn_support_hidden_seed42,600000.0,272.3235204511675,61.26253306638229,0.9809678993288278,0.3602060901570358,0.7008273214238223,2.6670364158105238,0.7008273214238225,0.04339600551439827,0.10480886814797494,0.015224237283500303,0.024226494610239555,0.025837459660413994,0.03293852299193774,0.052741090367712795
hidden,lap7edb6,rl_p3_attn_support_hidden_seed42,610000.0,232.4565854815587,21.16451714851797,0.9632867639319369,0.32021446504327,0.7229971867144079,2.620294625500843,0.7229971867144082,0.027720440695014056,0.0907118114616542,0.018097302506808292,0.029727817596468524,0.030619718500213892,0.029851591408692972,0.050274131116740145
hidden,lap7edb6,rl_p3_attn_support_hidden_seed42,620000.0,137.10821271708707,67.17508322685742,0.8948425567885208,0.3100394415327531,0.7513484325534889,2.4469505033871846,0.7513484325534883,0.020206825256522447,0.07702328050504244,0.01660057261670446,0.026190598572476458,0.029118299221516354,0.03243455855778132,0.04707743271646763
hidden,lap7edb6,rl_p3_attn_support_hidden_seed42,630000.0,322.2350212328212,67.17872485959084,1.0239944354813304,0.317830941023966,0.7029026121450045,2.7842942648880906,0.7029026121450038,0.02777836275635636,0.1004858395856664,0.02402503514079086,0.03462450067375375,0.03162789391190865,0.03700246015597469,0.04155329563054459
hidden,lap7edb6,rl_p3_attn_support_hidden_seed42,640000.0,173.61780287282224,76.14826420194127,0.8870547690569318,0.34644278824964175,0.7509203977871659,2.4279681833557683,0.7509203977871656,0.028945275923851987,0.04951187921543135,0.015457176693298859,0.02922106762696244,0.028367457178223247,0.03837190584762153,0.05920483972744463
hidden,lap7edb6,rl_p3_attn_support_hidden_seed42,650000.0,303.0229327152898,48.91834611350957,0.9762206273413495,0.3376374843268847,0.7147035037461238,2.654405273998906,0.714629349013191,0.02992769896258948,0.08429003879955861,0.020847295035261167,0.02844444146182727,0.026930400965023263,0.0394014722933477,0.055529303469201124
hidden,lap7edb6,rl_p3_attn_support_hidden_seed42,660000.0,162.15096501391272,89.03233682869387,0.8939315918951747,0.33975055754712036,0.7497306843326235,2.4447224323841565,0.7497306843326228,0.035766368905617796,0.07310614918504509,0.015636180170217135,0.019802219171993617,0.02582402646718871,0.033219123023380204,0.046915248743933956
hidden,lap7edb6,rl_p3_attn_support_hidden_seed42,670000.0,236.389409760518,90.43672246257954,0.9942690101244936,0.3193757995742705,0.7113542900025656,2.7027479376234793,0.7113542900025646,0.021000472612093948,0.0946299861311147,0.018375667759583606,0.027839015649167187,0.024692562060194153,0.04862263826740639,0.053485367517874534
hidden,lap7edb6,rl_p3_attn_support_hidden_seed42,680000.0,133.0745995941584,41.36000083073197,0.841551726856697,0.3284989874003933,0.7620057412557737,2.3199641358112797,0.7620057412557741,0.0335698048062157,0.0857555739404134,0.01323413323190182,0.01798135455063624,0.020514537752516743,0.027683876671489492,0.03925497779105289
hidden,lap7edb6,rl_p3_attn_support_hidden_seed42,690000.0,230.5305425019802,51.18156384462743,0.934596619147338,0.3655754918952122,0.728972249171217,2.546186167810986,0.7289722491712176,0.02515663875629808,0.09090526258927799,0.017278545086920078,0.01980686980246336,0.019176910833638823,0.03680575526675591,0.061897768493428665
hidden,lap7edb6,rl_p3_attn_support_hidden_seed42,700000.0,232.80841962390235,41.28197573860822,0.9307857096006303,0.3086584677317302,0.7280959526779879,2.53650134834294,0.7280959526779879,0.018500805592941257,0.09707930136791813,0.015982000529832424,0.018203432721411388,0.02647176342194229,0.038654189311458226,0.05701255437650834
hidden,lap7edb6,rl_p3_attn_support_hidden_seed42,710000.0,285.6409898477244,51.89762390840228,0.9561813673683083,0.35265229136141385,0.722684257668112,2.6017423816512997,0.7226842576681124,0.025009831055166194,0.07526198148750829,0.021080018719916792,0.02317555973026729,0.03217834645182435,0.03647922845285233,0.06413077643435271
hidden,lap7edb6,rl_p3_attn_support_hidden_seed42,720000.0,110.5545364386863,83.80109068027677,0.917018170189632,0.35941406504703194,0.7317708192556208,2.50181925740724,0.7317708192556218,0.03255243577101667,0.07007585981461054,0.012568764980924187,0.011943985052615775,0.02846018091128328,0.03638537348918052,0.0762425807247482
hidden,lap7edb6,rl_p3_attn_support_hidden_seed42,730000.0,160.21210979897242,68.14676107832798,0.9131956614809211,0.30882634841015366,0.7414246315582449,2.4922742859985982,0.7414246315582445,0.02916689418960421,0.06115916728593122,0.015651097030735507,0.015081553379838582,0.02510460084090187,0.030749360195205667,0.08166269551953789
hidden,lap7edb6,rl_p3_attn_support_hidden_seed42,740000.0,326.02005766455784,156.00849951707738,0.9513920196761381,0.32950681242639424,0.7088470725923319,2.5893115243903044,0.7088470725923319,0.0221627481804164,0.11351143605071692,0.01564278495136063,0.01805871362575074,0.031974231409061964,0.029458626123118108,0.060344387067243335
hidden,lap7edb6,rl_p3_attn_support_hidden_seed42,750000.0,82.6260628707701,31.30439228800661,0.7597916564025208,0.355185516240978,0.7940137107132723,2.1378307707415494,0.7940137107132719,0.023010302964273473,0.040511607559623006,0.01581602569606473,0.012082447237868051,0.023542946862271773,0.019692407553716925,0.07133055141290981
hidden,lap7edb6,rl_p3_attn_support_hidden_seed42,760000.0,342.59084561955467,125.99966000765633,0.953322767842423,0.2884380214323696,0.7195589878915007,2.59431566217836,0.7192815341770391,0.015867583419051482,0.09842775622041428,0.0181934174211101,0.02553474480293227,0.029861902855458977,0.031240492280404923,0.0615925688235882
hidden,lap7edb6,rl_p3_attn_support_hidden_seed42,770000.0,224.05043855253197,110.98074631465343,0.9174840177942352,0.34316304898823435,0.738588550835384,2.5029849954225023,0.7385885508353838,0.024087493026001012,0.08613677310568081,0.018577394618577412,0.017065656616482006,0.030657489203676242,0.026952844958222897,0.057933797635975476
hidden,lap7edb6,rl_p3_attn_support_hidden_seed42,780000.0,131.05638063710515,64.7378256551442,0.9305088407924146,0.33501419300244195,0.7280548385869186,2.535799167448066,0.7280548385869176,0.018192007338521228,0.09257011555795983,0.016825602257215085,0.017308439045705528,0.026623052615729035,0.02836077287923649,0.07206517171871425
hidden,lap7edb6,rl_p3_attn_support_hidden_seed42,790000.0,175.0953846076235,27.87277901126343,0.9785722184036894,0.33187716138371404,0.7075355307571277,2.6606546948782808,0.7075355307571278,0.016945643789110676,0.09595253720718057,0.01637730085553883,0.018975559067382658,0.03530426569224762,0.03335944381717496,0.07554971881423714
hidden,lap7edb6,rl_p3_attn_support_hidden_seed42,800000.0,187.14292685043313,62.6242880237561,0.920582110151981,0.34962364232961357,0.7290986298094166,2.5107514985683737,0.7290986298094169,0.023512841645311502,0.0903628980015886,0.018699569165171483,0.015760425410490813,0.029025715547992045,0.02678039716066779,0.06675952325936106
hidden,lap7edb6,rl_p3_attn_support_hidden_seed42,810000.0,145.14757426337076,71.19863514371049,0.8699220497075192,0.36089102377402216,0.7538888271847914,2.3867248003766615,0.7538888271847912,0.025090597539432775,0.07093744228911139,0.01580965275313945,0.017680303572880494,0.030977672875979686,0.02359418829625854,0.06202131548840641
hidden,lap7edb6,rl_p3_attn_support_hidden_seed42,820000.0,177.78966420972142,126.49322185965545,0.8617144712984944,0.3594817973622145,0.7454715094154908,2.367215740025861,0.7454715094154908,0.015410898434645019,0.10631782969271561,0.015504982434213162,0.014633994805010583,0.03761337538666028,0.02203328297058771,0.04301412686067674
hidden,lap7edb6,rl_p3_attn_support_hidden_seed42,830000.0,202.06295221389473,44.42176891116499,1.0024013894510322,0.2746170700198922,0.695623300002652,2.7248173257633095,0.695623300002652,0.021070366894575566,0.0821446259789136,0.020967569708790764,0.02014271239381958,0.03729933112725153,0.03083200597422106,0.09192008791977578
hidden,lap7edb6,rl_p3_attn_support_hidden_seed42,840000.0,275.4782163273325,33.73656764860899,0.932606903733299,0.34741470173108374,0.7166542209865073,2.541125018738784,0.7166265174088176,0.025155678318166612,0.12115075518153966,0.014055001363338553,0.01784042216332113,0.03238702757556701,0.02163320412106494,0.05115139386818457
hidden,lap7edb6,rl_p3_attn_support_hidden_seed42,850000.0,245.72545254108007,57.55103369268947,0.898778159223631,0.3194899410347371,0.7334881168470473,2.4565997029989797,0.7334881168470474,0.016438265810621938,0.10809516537433989,0.014508562854098328,0.015377551642623971,0.034607656741674236,0.024343387984596114,0.0531412927449983
hidden,lap7edb6,rl_p3_attn_support_hidden_seed42,860000.0,187.8255503958565,65.94954887727201,0.9205487732834328,0.312950536901492,0.7268212131272586,2.5106677993708506,0.7268201101222288,0.018615556232077925,0.09953512559547673,0.014173250966535024,0.020133928028213732,0.04111118988429196,0.023503643535114353,0.0561071956360618
hidden,lap7edb6,rl_p3_attn_support_hidden_seed42,870000.0,261.4871191389536,54.500334961380474,0.8828965001438682,0.330644575617953,0.7343031981345229,2.4178930009136463,0.7343031981345233,0.016699143354621894,0.1243019609179891,0.01177385075034765,0.013345735821001044,0.03498596480107334,0.02423687656729304,0.04035326965315075
hidden,lap7edb6,rl_p3_attn_support_hidden_seed42,880000.0,328.48925525969537,62.475358024917696,0.9321532605671935,0.34749350521946265,0.7206375428691265,2.5399725161720346,0.7206345354022279,0.018660330774815815,0.10859800254791649,0.021136266360207927,0.022258311197393868,0.03438747603482568,0.022857408252357422,0.05146766943025414
hidden,lap7edb6,rl_p3_attn_support_hidden_seed42,890000.0,287.39407767761895,70.31100957704939,0.8811961938027887,0.3831373458403259,0.7402108014178497,2.41378533524675,0.7402098931721928,0.01898699787367747,0.09823764957123299,0.018894817288604617,0.021139155989570276,0.030926006825263478,0.02366003073640914,0.047945448543049225
hidden,lap7edb6,rl_p3_attn_support_hidden_seed42,900000.0,253.60744020477023,121.83740258293966,0.9727173965910118,0.307836359673337,0.7135736105010396,2.645122549076487,0.7135704522427438,0.022674139122868732,0.09924378595454685,0.018823026826138557,0.020940305000545965,0.04618908138006255,0.03036327087334444,0.04819593859974875
hidden,lap7edb6,rl_p3_attn_support_hidden_seed42,910000.0,211.8159935120585,46.924508993571806,0.9383533319990518,0.30849438772634524,0.7278424808966688,2.555769447655087,0.7278424808966696,0.01469514859433444,0.10428491808530485,0.01929399288392221,0.01936098506982577,0.02899297562286991,0.02728676671660879,0.05824273213046512
hidden,lap7edb6,rl_p3_attn_support_hidden_seed42,920000.0,264.5706675153638,103.70606236012587,0.9364259806291781,0.3557292999144239,0.7232216216472136,2.5508483257979115,0.7232216216472134,0.020573321522171284,0.10847812897313122,0.014034046255125922,0.016161899856216685,0.03688191196378041,0.030706618924184238,0.04994245085817677
hidden,lap7edb6,rl_p3_attn_support_hidden_seed42,930000.0,249.012533027217,130.43563853506467,0.9751332550846126,0.334934782813424,0.7205148429162758,2.6515205160329525,0.7205148429162758,0.021691876131789474,0.09998384503571932,0.017234475909416142,0.021939663470272944,0.04113289163278467,0.03084163756718189,0.04666076733655973
hidden,lap7edb6,rl_p3_attn_support_hidden_seed42,940000.0,314.034313929737,109.17017186208942,0.8968912978754637,0.347875066103615,0.7334143877820023,2.4519688102716453,0.7334118096355544,0.025971993962089063,0.11040288855106012,0.009684448241010016,0.013458966573956503,0.03811767542426377,0.026189053793073524,0.042763163818993574
hidden,lap7edb6,rl_p3_attn_support_hidden_seed42,950000.0,317.4163898285327,96.58198686512426,0.9498477396118785,0.3319571733440712,0.7118864057107065,2.5853159881305734,0.7118864057107056,0.019132126629560934,0.12211651154452932,0.013705549020174611,0.016474931191301362,0.03760003676725812,0.027408485819227522,0.051675953317241584
hidden,lap7edb6,rl_p3_attn_support_hidden_seed42,960000.0,236.69773069045897,31.639653895701624,0.8685200049789137,0.33781815324345754,0.7501618743952791,2.383380850183307,0.7501618743952786,0.023183198995541734,0.09235442363801136,0.0120750490436746,0.016704798218930235,0.034771979745059786,0.02742252991549569,0.04332614604800752
hidden,lap7edb6,rl_p3_attn_support_hidden_seed42,970000.0,248.21661402182167,56.44007055990473,0.9500161791282332,0.35407537871485695,0.7128650391379829,2.585751494182423,0.7128650391379828,0.02048713279254313,0.11291126370146046,0.012010482454466509,0.015023953500964873,0.04051947560939594,0.03280623117730702,0.05337642162587921
hidden,lap7edb6,rl_p3_attn_support_hidden_seed42,980000.0,274.4815809717953,122.8572896855551,0.9437565508387343,0.3214519502875091,0.7234726827405955,2.569616204124527,0.7234726827405962,0.019972061472523003,0.10957820350297486,0.015036068940774085,0.02070015943112433,0.03264593017399164,0.034976071562156784,0.04361882217585977
hidden,lap7edb6,rl_p3_attn_support_hidden_seed42,990000.0,318.9976445178815,146.1437910155463,0.9330223493893414,0.3248743109160312,0.7278554356401125,2.5421809374125055,0.7278554356401129,0.019169297422827008,0.11129658978705217,0.01564173751525864,0.017521664540214737,0.02486678643368484,0.033877289061633085,0.04977119959921685
hidden,lap7edb6,rl_p3_attn_support_hidden_seed42,1000000.0,296.3827258699792,92.11107918148684,0.9192555135165876,0.31703426543417795,0.732159830383687,2.507422952385295,0.7321598303836869,0.015490339222102462,0.10295557951243077,0.013595051580846545,0.020671048570898288,0.02545207710131078,0.03548038029218236,0.05419569333654161
